,Stop,Lat,Lon
0,0,,
1,1,42.47704,-72.60745
2,2,42.47255,-72.6014
3,4,42.46802,-72.59544
4,6,42.46539,-72.57587
5,7,42.45935,-72.57845
6,8,42.45829,-72.57247
7,9,42.45767,-72.58146
8,10,42.45468,-72.56769
9,11,42.45223,-72.56359
10,12,42.45157,-72.56287
11,13,42.44653,-72.55471
12,14,42.44223,-72.55133
13,15,42.44217,-72.55149
14,17,42.43158,-72.54387
15,18,42.43193,-72.54397
16,19,42.42701,-72.53996
17,20,42.42698,-72.54014
18,21,42.41618,-72.52039
19,22,42.41539,-72.50735
20,23,42.41412,-72.52831
21,24,42.41383,-72.50635
22,25,42.41299,-72.50832
23,26,42.41244,-72.51323
24,28,42.41067,-72.52433
25,29,42.40959,-72.53461
26,30,42.40963,-72.53347
27,31,42.40918,-72.53063
28,32,42.40907,-72.53075
29,33,42.40684,-72.51447
30,34,42.40588,-72.53248
31,35,42.40494,-72.53083
32,36,42.40461,-72.51485
33,37,42.40386,-72.52944
34,38,42.4032,-72.52916
35,39,42.40219,-72.51534
36,40,42.39835,-72.51607
37,41,42.39842,-72.51623
38,42,42.3982,-72.52812
39,43,42.39763,-72.52795
40,44,42.39726,-72.52169
41,45,42.39711,-72.52146
42,46,42.39576,-72.52547
43,47,42.39569,-72.52528
44,48,42.39555,-72.51122
45,49,42.39552,-72.53259
46,50,42.3954,-72.53245
47,51,42.39525,-72.51331
48,52,42.39487,-72.51108
49,53,42.3946,-72.51581
50,54,42.39502,-72.51555
51,55,42.39201,-72.72971
52,56,42.39383,-72.5261
53,58,42.39365,-72.52616
54,59,42.3927,-72.51928
55,60,42.39254,-72.53424
56,61,42.39237,-72.53613
57,62,42.39182,-72.52001
58,63,42.39148,-72.52524
59,64,42.39099,-72.5253
60,65,42.38937,-72.51886
61,66,42.38935,-72.51894
62,67,42.38918,-72.53247
63,68,42.38896,-72.51765
64,69,42.38881,-72.51749
65,70,42.38918,-72.53231
66,71,42.38783,-72.52391
67,72,42.38766,-72.5235
68,73,42.38715,-72.5264
69,74,42.38623,-72.53123
70,75,42.38547,-72.52467
71,76,42.38655,-72.5312
72,77,42.384961,-72.52828
73,78,42.384693,-72.528417
74,79,42.38368,-72.51848
75,80,42.38347,-72.51882
76,81,42.38305,-72.52048
77,82,42.382884,-72.52056
78,83,42.38236,-72.53225
79,84,42.38228,-72.53216
80,85,42.38222,-72.5191
81,86,42.38201,-72.531849
82,87,42.382781,-72.53178
83,89,42.38154,-72.53391
84,90,42.38149,-72.53385
85,91,42.37996,-72.53398
86,92,42.37989,-72.5341
87,93,42.37959,-72.519716
88,94,42.37976,-72.5195
89,95,42.37789,-72.52
90,96,42.377803,-72.51983
91,97,42.37763,-72.53415
92,98,42.37753,-72.53261
93,99,42.37638,-72.48632
94,100,42.37431,-72.70185
95,101,42.37423,-72.70185
96,102,42.37619,-72.50126
97,103,42.3759,-72.52129
98,104,42.37596,-72.51128
99,105,42.37588,-72.51655
100,106,42.37583,-72.51192
101,107,42.37573,-72.52392
102,108,42.37582,-72.50724
103,109,42.37571,-72.5074
104,110,42.37561,-72.51934
105,111,42.37585,-72.48119
106,112,42.37458,-72.519758
107,113,42.374455,-72.519946
108,114,42.37407,-72.53156
109,115,42.37629,-72.50142
110,116,42.373071,-72.51882
111,117,42.37165,-72.4801
112,118,42.37029,-72.49914
113,119,42.37019,-72.49907
114,120,42.3694,-72.50164
115,121,42.3693,-72.50172
116,122,42.14099,-72.52602
117,123,42.36864,-72.533569
118,124,42.36874,-72.533309
119,125,42.36778,-72.53481
120,126,42.36757,-72.4798
121,127,42.36571,-72.53876
122,128,42.36537,-72.53549
123,129,42.36511,-72.48426
124,130,42.36376,-72.538718
125,131,42.36334,-72.48854
126,132,42.36232,-72.52084
127,133,42.36261,-72.5207
128,134,42.3629,-72.48877
129,135,42.36223,-72.48803
130,136,42.36122,-72.54378
131,137,42.359992,-72.54673
132,138,42.35685,-72.48241
133,139,42.3565,-72.48196
134,140,42.355901,-72.550129
135,142,42.35539,-72.552007
136,143,42.35352,-72.69992
137,144,42.35466,-72.55722
138,145,42.35495,-72.52066
139,146,42.354683,-72.55694
140,147,42.35421,-72.52194
141,148,42.35348,-72.4762
142,150,42.3513,-72.68218
143,151,42.35165,-72.52678
144,152,42.35153,-72.52624
145,153,42.35047,-72.53026
146,154,42.35072,-72.47017
147,156,42.35047,-72.47006
148,157,42.34907,-72.52887
149,159,42.34708,-72.57262
150,160,42.347124,-72.57237
151,161,42.34576,-72.57546
152,162,42.34598,-72.5748
153,163,42.34436,-72.68235
154,164,42.34561,-72.46734
155,165,42.34551,-72.46713
156,166,42.3474,-72.52015
157,167,42.34497,-72.52055
158,168,42.34378,-72.57947
159,169,42.34314,-72.58143
160,170,42.34045,-72.64251
161,171,42.34236,-72.58867
162,172,42.34221,-72.58935
163,173,42.342024,-72.596076
164,174,42.341961,-72.594427
165,175,42.34093,-72.601369
166,176,42.340703,-72.60149
167,177,42.34023,-72.66019
168,178,42.339934,-72.60671
169,179,42.34077,-72.51992
170,180,42.33948,-72.66048
171,182,42.33933,-72.66048
172,183,42.339701,-72.607029
173,184,42.34032,-72.52018
174,189,42.33829,-72.64878
175,190,42.33667,-72.66116
176,191,42.33759,-72.66108
177,192,42.33728,-72.67055
178,194,42.33712,-72.6427
179,197,42.33853,-72.45743
180,198,42.33826,-72.45748
181,199,42.33638,-72.6613
182,200,42.33652,-72.66112
183,201,42.33599,-72.67201
184,202,42.33581,-72.64358
185,203,42.33563,-72.67216
186,204,42.33551,-72.67237
187,207,42.33502,-72.66759
188,208,42.33486,-72.67205
189,209,42.33481,-72.66858
190,210,42.33466,-72.66377
191,211,42.33498,-72.6636
192,212,42.33409,-72.64355
193,213,42.334,-72.64311
194,214,42.33379,-72.63997
195,215,42.33375,-72.63983
196,216,42.33351,-72.63648
197,218,42.33345,-72.63617
198,219,42.332932,-72.621559
199,220,42.33221,-72.67211
200,221,42.33316,-72.52347
201,222,42.33298,-72.52361
202,223,42.33167,-72.65318
203,224,42.3315,-72.65321
204,225,42.33116,-72.67645
205,226,42.33013,-72.67513
206,227,42.32999,-72.67876
207,228,42.32948,-72.63617
208,229,42.328932,-72.62426
209,230,42.32895,-72.624119
210,231,42.32963,-72.44814
211,232,42.32953,-72.4482
212,233,42.32881,-72.63354
213,234,42.32614,-72.6497
214,235,42.32519,-72.64939
215,236,42.32619,-72.53206
216,237,42.3238,-72.67669
217,238,42.3217,-72.62715
218,239,42.32348,-72.63253
219,240,42.32552,-72.43905
220,241,42.32536,-72.43846
221,242,42.32352,-72.63242
222,243,42.32223,-72.52982
223,244,42.32163,-72.62706
224,245,42.32214,-72.52976
225,246,42.3206,-72.63091
226,248,42.32191,-72.4281
227,249,42.31999,-72.63017
228,250,42.32176,-72.42818
229,251,42.31962,-72.63755
230,252,42.319731,-72.63747
231,254,42.31933,-72.63025
232,255,42.31995,-72.52949
233,256,42.31844,-72.63109
234,257,42.31947,-72.52863
235,259,42.317951,-72.6275
236,260,42.31785,-72.63323
237,261,42.3177,-72.63305
238,262,42.315012,-72.62525
239,263,42.31514,-72.63173
240,264,42.31597,-72.42591
241,265,42.31593,-72.42583
242,266,42.31375,-72.62956
243,267,42.31336,-72.627657
244,268,42.31324,-72.626889
245,269,42.31161,-72.42303
246,270,42.31155,-72.42308
247,271,42.30482,-72.52829
248,272,42.3042,-72.52811
249,273,42.29848,-72.4159
250,274,42.29847,-72.41604
251,276,42.29067,-72.40834
252,277,42.28916,-72.53566
253,278,42.29031,-72.40811
254,280,42.2891,-72.53544
255,283,42.284965,-72.656216
256,284,42.284953,-72.6561
257,286,42.28249,-72.55357
258,287,42.28235,-72.55361
259,290,42.26336,-72.58248
260,291,42.27965,-72.40238
261,292,42.276121,-72.657537
262,293,42.27591,-72.657847
263,294,42.2776,-72.40081
264,296,42.27417,-72.661839
265,297,42.27403,-72.66193
266,300,42.2724,-72.66721
267,302,42.27121,-72.67209
268,306,42.26992,-72.56603
269,307,42.26978,-72.56593
270,308,42.267014,-72.66998
271,313,42.26587,-72.66934
272,314,42.265601,-72.66899
273,317,42.26415,-72.66421
274,318,42.26399,-72.66396
275,320,42.26157,-72.5728
276,323,42.25802,-72.5759
277,324,42.258003,-72.572995
278,329,42.257632,-72.575847
279,333,42.25666,-72.572209
280,336,42.254254,-72.574107
281,338,42.254083,-72.576489
282,345,42.23573,-72.58334
283,350,42.22068,-72.59087
284,351,42.22036,-72.59097
285,353,42.21756,-72.59197
286,354,42.21611,-72.61932
287,355,42.21616,-72.59339
288,356,42.2159,-72.62027
289,357,42.21611,-72.59331
290,358,42.21538,-72.5945
291,359,42.21397,-72.61782
292,360,42.2134,-72.62079
293,361,42.21328,-72.62329
294,362,42.21312,-72.62787
295,363,42.21304,-72.62031
296,364,42.21277,-72.62967
297,365,42.21216,-72.57213
298,367,42.21092,-72.62292
299,368,42.21083,-72.62543
300,369,42.21073,-72.62926
301,370,42.21085,-72.60826
302,371,42.21069,-72.60945
303,372,42.21049,-72.60699
304,373,42.2102,-72.61965
305,374,42.21028,-72.60564
306,376,42.20952,-72.6205
307,377,42.20961,-72.60582
308,380,42.20862,-72.61972
309,381,42.20831,-72.61618
310,383,42.20851,-72.57368
311,386,42.207074,-72.646238
312,387,42.20694,-72.60766
313,388,42.20704,-72.59589
314,390,42.20683,-72.61347
315,391,42.2068,-72.59833
316,393,42.20653,-72.60939
317,394,42.2061,-72.60582
318,398,42.20576,-72.60888
319,404,42.2054,-72.61081
320,406,42.2054,-72.60026
321,408,42.20516,-72.61081
322,412,42.20474,-72.60984
323,413,42.2046,-72.59638
324,414,42.20436,-72.61155
325,415,42.20428,-72.61797
326,416,42.2042,-72.61848
327,417,42.20456,-72.60299
328,418,42.20493,-72.50985
329,419,42.20387,-72.61068
330,422,42.20394,-72.61727
331,423,42.20352,-72.61929
332,424,42.2035,-72.61669
333,425,42.20303,-72.64553
334,426,42.20313,-72.63101
335,427,42.20293,-72.64524
336,428,42.20315,-72.61903
337,430,42.20289,-72.61165
338,431,42.2028,-72.61231
339,432,42.2031,-72.57163
340,433,42.20265,-72.61494
341,435,42.2024,-72.61778
342,436,42.20215,-72.62125
343,437,42.20228,-72.61745
344,438,42.20241,-72.60466
345,439,42.20193,-72.61401
346,440,42.2022,-72.62089
347,441,42.20197,-72.63109
348,443,42.20165,-72.64345
349,444,42.20193,-72.61052
350,445,42.20207,-72.60482
351,446,42.20189,-72.61073
352,447,42.20167,-72.61332
353,448,42.20142,-72.623
354,449,42.20149,-72.61602
355,450,42.20139,-72.61603
356,451,42.20112,-72.64166
357,452,42.20136,-72.61317
358,453,42.2011,-72.61479
359,454,42.20166,-72.50898
360,455,42.20055,-72.61394
361,456,42.20037,-72.62868
362,457,42.20052,-72.60804
363,459,42.20036,-72.6155
364,460,42.20041,-72.60671
365,461,42.20016,-72.62587
366,462,42.20004,-72.60719
367,463,42.19969,-72.60645
368,464,42.19944,-72.6281
369,465,42.19915,-72.60586
370,466,42.19877,-72.61709
371,467,42.19926,-72.6287
372,468,42.19916,-72.63056
373,470,42.199,-72.64035
374,471,42.19903,-72.63201
375,472,42.19899,-72.63366
376,473,42.19913,-72.61532
377,474,42.19883,-72.6331
378,475,42.19901,-72.60797
379,476,42.19815,-72.63426
380,477,42.19835,-72.60475
381,478,42.19856,-72.60514
382,479,42.19812,-72.61632
383,481,42.19819,-72.60876
384,482,42.19776,-72.57367
385,483,42.19739,-72.60378
386,484,42.19737,-72.6036
387,485,42.19673,-72.61906
388,486,42.19714,-72.57427
389,488,42.19568,-72.62085
390,489,42.19531,-72.63406
391,490,42.19554,-72.62168
392,491,42.195154,-72.65278
393,493,42.19538,-72.61165
394,494,42.19483,-72.62592
395,495,42.19479,-72.62686
396,497,42.19474,-72.6242
397,499,42.19428,-72.64718
398,500,42.19386,-72.62993
399,501,42.19367,-72.60011
400,503,42.19312,-72.6367
401,504,42.19274,-72.62967
402,505,42.19212,-72.64834
403,506,42.19278,-72.57622
404,507,42.1927,-72.57592
405,508,42.19216,-72.61493
406,509,42.19118,-72.65246
407,510,42.19157,-72.6011
408,512,42.19095,-72.63999
409,513,42.19102,-72.62965
410,514,42.19036,-72.61752
411,516,42.19015,-72.61856
412,518,42.19015,-72.60273
413,519,42.18962,-72.64329
414,520,42.18922,-72.64979
415,521,42.18935,-72.62185
416,523,42.1893,-72.57758
417,524,42.1884,-72.60538
418,525,42.18778,-72.64763
419,527,42.18769,-72.62424
420,528,42.18715,-72.63004
421,529,42.18708,-72.63215
422,530,42.18706,-72.60763
423,531,42.18704,-72.57765
424,533,42.1863,-72.65057
425,534,42.18677,-72.57734
426,535,42.185244,-72.65006
427,537,42.18565,-72.57763
428,538,42.18479,-72.60981
429,539,42.18465,-72.61114
430,541,42.18382,-72.63689
431,542,42.18355,-72.648807
432,544,42.18345,-72.637
433,545,42.18374,-72.61052
434,546,42.18345,-72.63291
435,549,42.18276,-72.60993
436,550,42.18271,-72.61026
437,551,42.18167,-72.63854
438,552,42.18142,-72.61545
439,553,42.18129,-72.61577
440,554,42.180633,-72.648746
441,555,42.180412,-72.64863
442,556,42.18024,-72.63966
443,557,42.18001,-72.63967
444,558,42.17983,-72.61762
445,559,42.17971,-72.61291
446,560,42.18003,-72.61749
447,561,42.17844,-72.69061
448,562,42.17831,-72.69087
449,563,42.17898,-72.61338
450,564,42.17846,-72.63672
451,565,42.17843,-72.63987
452,566,42.17813,-72.6364
453,567,42.17819,-72.62971
454,568,42.17826,-72.61387
455,569,42.17795,-72.62016
456,572,42.17708,-72.62105
457,573,42.17651,-72.63025
458,574,42.1764,-72.60071
459,575,42.17594,-72.61453
460,576,42.17574,-72.61468
461,577,42.1758,-72.60049
462,578,42.1755,-72.62164
463,580,42.17476,-72.63663
464,581,42.17462,-72.63656
465,582,42.17471,-72.62208
466,583,42.17269,-72.64045
467,584,42.174004,-72.647828
468,585,42.17427,-72.57859
469,586,42.17419,-72.5995
470,587,42.17416,-72.59937
471,588,42.17441,-72.57533
472,590,42.17362,-72.63126
473,593,42.17456,-72.62206
474,594,42.17189,-72.63174
475,595,42.17225,-72.58648
476,596,42.17225,-72.61463
477,597,42.17199,-72.58657
478,598,42.17166,-72.62332
479,600,42.1707,-72.57723
480,603,42.17074,-72.62383
481,604,42.17113,-72.5774
482,605,42.17099,-72.61446
483,606,42.17067,-72.5968
484,608,42.16942,-72.59486
485,609,42.16926,-72.64057
486,610,42.16865,-72.62367
487,611,42.16803,-72.62368
488,612,42.16754,-72.59259
489,613,42.16797,-72.61506
490,614,42.16793,-72.61477
491,615,42.16785,-72.61616
492,616,42.16906,-72.48184
493,617,42.16774,-72.61665
494,618,42.16769,-72.61797
495,619,42.16762,-72.61798
496,620,42.16741,-72.62085
497,621,42.16725,-72.62175
498,623,42.16767,-72.5783
499,626,42.16591,-72.63359
500,628,42.1659,-72.59087
501,629,42.16585,-72.57944
502,630,42.16539,-72.58397
503,631,42.16501,-72.62126
504,632,42.16529,-72.59012
505,634,42.16483,-72.6209
506,635,42.16411,-72.5889
507,636,42.16396,-72.58891
508,637,42.16364,-72.64008
509,638,42.16355,-72.63996
510,639,42.16321,-72.61885
511,640,42.16215,-72.63318
512,641,42.16209,-72.61701
513,642,42.16215,-72.6169
514,643,42.16183,-72.63299
515,645,42.16171,-72.58191
516,646,42.16087,-72.61455
517,647,42.16085,-72.61473
518,648,42.16114,-72.58179
519,650,42.161,-72.58292
520,651,42.16086,-72.58273
521,653,42.1594,-72.63437
522,654,42.15931,-72.63451
523,656,42.15862,-72.6332
524,659,42.15968,-72.5026
525,661,42.15951,-72.5009
526,662,42.15942,-72.50095
527,663,42.15856,-72.58471
528,664,42.15856,-72.58059
529,665,42.15932,-72.49876
530,666,42.15847,-72.58463
531,667,42.15847,-72.58056
532,668,42.15919,-72.49847
533,669,42.15909,-72.50329
534,670,42.15919,-72.49696
535,673,42.15794,-72.58033
536,675,42.15854,-72.49461
537,676,42.15726,-72.61222
538,678,42.15778,-72.49135
539,679,42.15703,-72.58523
540,680,42.15783,-72.49193
541,681,42.15696,-72.58514
542,682,42.15739,-72.61205
543,683,42.15722,-72.50812
544,684,42.15715,-72.50879
545,685,42.15703,-72.50638
546,686,42.15698,-72.50631
547,687,42.15616,-72.58089
548,688,42.15699,-72.4898
549,689,42.15684,-72.50399
550,691,42.15691,-72.48992
551,692,42.15608,-72.58072
552,693,42.15675,-72.50402
553,694,42.15659,-72.51107
554,695,42.15747,-72.48106
555,696,42.15632,-72.51109
556,697,42.15538,-72.58547
557,698,42.15606,-72.48803
558,699,42.15599,-72.48817
559,701,42.15503,-72.51227
560,702,42.15414,-72.58049
561,703,42.15398,-72.5846
562,704,42.15449,-72.51299
563,705,42.1528,-72.631
564,706,42.15333,-72.58052
565,707,42.15263,-72.63071
566,708,42.1537,-72.51343
567,709,42.15283,-72.58035
568,711,42.15134,-72.63046
569,712,42.15179,-72.50635
570,713,42.15176,-72.50619
571,714,42.1507,-72.58541
572,715,42.15062,-72.58533
573,716,42.15091,-72.51606
574,719,42.15039,-72.50812
575,720,42.14954,-72.57999
576,722,42.15005,-72.51708
577,725,42.14919,-72.57984
578,726,42.14905,-72.58746
579,727,42.14885,-72.60686
580,728,42.14975,-72.50856
581,729,42.14849,-72.63073
582,730,42.14934,-72.51751
583,731,42.14844,-72.60888
584,732,42.14814,-72.63042
585,733,42.14821,-72.60346
586,735,42.14814,-72.59865
587,736,42.14881,-72.5182
588,737,42.1483,-72.60692
589,738,42.14809,-72.59478
590,739,42.14807,-72.59188
591,746,42.14683,-72.60724
592,747,42.14649,-72.60504
593,748,42.14699,-72.57965
594,749,42.14697,-72.57978
595,750,42.14743,-72.51924
596,751,42.14649,-72.62969
597,752,42.14648,-72.60517
598,753,42.14707,-72.51981
599,756,42.14563,-72.6089
600,757,42.14626,-72.52032
601,759,42.14519,-72.62918
602,761,42.14486,-72.60882
603,765,42.14519,-72.52154
604,766,42.14446,-72.6034
605,767,42.14671,-72.54376
606,768,42.14429,-72.60348
607,770,42.14376,-72.62851
608,771,42.14352,-72.62815
609,773,42.14364,-72.61012
610,774,42.14421,-72.54453
611,775,42.14368,-72.58037
612,776,42.14366,-72.5805
613,778,42.14363,-72.54362
614,779,42.14327,-72.60298
615,781,42.14353,-72.61002
616,784,42.14311,-72.53288
617,786,42.14305,-72.55403
618,788,42.14288,-72.55406
619,789,42.14241,-72.60271
620,790,42.14217,-72.58096
621,791,42.14244,-72.5236
622,792,42.14211,-72.55584
623,794,42.14206,-72.55564
624,795,42.14206,-72.54344
625,796,42.14192,-72.52362
626,797,42.14204,-72.49186
627,798,42.14095,-72.58146
628,799,42.14075,-72.60234
629,802,42.14113,-72.55771
630,803,42.14113,-72.54287
631,805,42.14045,-72.60214
632,806,42.14104,-72.48511
633,807,42.14022,-72.58195
634,811,42.14073,-72.49992
635,812,42.1401,-72.55971
636,814,42.13968,-72.60192
637,817,42.1396,-72.56038
638,818,42.13938,-72.60195
639,819,42.1389,-72.62642
640,823,42.14005,-72.5033
641,825,42.13962,-72.50551
642,826,42.13947,-72.52498
643,827,42.13836,-72.62592
644,828,42.13936,-72.52534
645,829,42.13951,-72.5053
646,830,42.13877,-72.5829
647,832,42.1388,-72.56214
648,835,42.13865,-72.56228
649,838,42.13909,-72.49599
650,840,42.13885,-72.50977
651,841,42.13867,-72.50897
652,842,42.13794,-72.57904
653,844,42.13775,-72.60141
654,845,42.13772,-72.6015
655,846,42.13748,-72.61272
656,847,42.13845,-72.49583
657,848,42.13765,-72.58206
658,849,42.13728,-72.61289
659,850,42.13793,-72.54524
660,851,42.13788,-72.51311
661,852,42.13779,-72.51447
662,854,42.1375,-72.56446
663,855,42.13764,-72.51431
664,856,42.13695,-72.56578
665,858,42.1372,-72.51758
666,859,42.13709,-72.5277
667,860,42.13705,-72.51766
668,861,42.137,-72.52807
669,863,42.13666,-72.56607
670,866,42.13663,-72.50682
671,867,42.13638,-72.52872
672,868,42.13527,-72.56871
673,869,42.13522,-72.5236
674,870,42.13519,-72.6008
675,871,42.13586,-72.52228
676,872,42.13542,-72.56874
677,873,42.13513,-72.60071
678,874,42.13552,-72.53008
679,875,42.13564,-72.5296
680,876,42.13563,-72.49591
681,879,42.13503,-72.56917
682,881,42.13433,-72.62592
683,883,42.13514,-72.5304
684,885,42.13427,-72.57088
685,886,42.13456,-72.52426
686,887,42.13411,-72.52501
687,888,42.13362,-72.60046
688,889,42.13446,-72.49572
689,890,42.13378,-72.57113
690,891,42.13291,-72.62574
691,892,42.13327,-72.58475
692,893,42.13308,-72.60024
693,894,42.13386,-72.49587
694,896,42.13343,-72.53314
695,897,42.13072,-72.79666
696,898,42.13275,-72.61307
697,899,42.1325,-72.61318
698,901,42.13366,-72.53257
699,902,42.13262,-72.57319
700,903,42.13275,-72.54186
701,904,42.13263,-72.54234
702,905,42.13261,-72.54361
703,906,42.13234,-72.57339
704,907,42.13221,-72.5846
705,908,42.13256,-72.54047
706,909,42.13242,-72.54458
707,910,42.13254,-72.54018
708,911,42.1327,-72.49585
709,914,42.12955,-72.73219
710,915,42.13165,-72.5747
711,916,42.13141,-72.60033
712,917,42.13172,-72.54947
713,918,42.13121,-72.60022
714,919,42.12982,-72.73243
715,920,42.13152,-72.57467
716,921,42.13207,-72.49569
717,922,42.13153,-72.55061
718,924,42.13165,-72.53727
719,925,42.13156,-72.53724
720,926,42.13042,-72.62254
721,927,42.1304,-72.61265
722,929,42.12896,-72.79299
723,930,42.13072,-72.62416
724,931,42.13119,-72.53463
725,932,42.13076,-72.61297
726,933,42.12901,-72.73141
727,934,42.13112,-72.53448
728,936,42.13063,-72.57654
729,937,42.1284,-72.78461
730,938,42.13093,-72.52669
731,939,42.12889,-72.73106
732,940,42.13084,-72.52703
733,941,42.13041,-72.57673
734,942,42.13067,-72.55402
735,943,42.12706,-72.78729
736,944,42.13078,-72.55406
737,946,42.12998,-72.4958
738,947,42.12924,-72.58449
739,948,42.12921,-72.57922
740,949,42.12904,-72.62642
741,950,42.129,-72.57934
742,953,42.1282,-72.62685
743,954,42.12904,-72.55686
744,955,42.1284,-72.60052
745,956,42.12891,-72.52941
746,957,42.12815,-72.60043
747,958,42.12814,-72.58084
748,959,42.12732,-72.61127
749,960,42.12779,-72.58454
750,961,42.12819,-72.53004
751,962,42.12768,-72.53089
752,964,42.12776,-72.4962
753,965,42.12764,-72.61145
754,966,42.12756,-72.49611
755,967,42.1277,-72.61161
756,968,42.12661,-72.58301
757,969,42.12708,-72.53145
758,970,42.12629,-72.60111
759,972,42.12639,-72.58308
760,973,42.12606,-72.60121
761,974,42.12633,-72.53267
762,975,42.12621,-72.5332
763,976,42.12577,-72.58435
764,977,42.12596,-72.55884
765,978,42.12635,-72.61109
766,979,42.12644,-72.61088
767,980,42.12562,-72.58421
768,981,42.12568,-72.5589
769,982,42.12561,-72.53413
770,983,42.12337,-72.77663
771,984,42.12505,-72.58465
772,985,42.12485,-72.58442
773,986,42.1248,-72.58515
774,989,42.12517,-72.53595
775,990,42.12505,-72.53591
776,991,42.12525,-72.49676
777,992,42.12397,-72.62669
778,993,42.11961,-72.76526
779,994,42.12402,-72.61009
780,995,42.12462,-72.53821
781,996,42.1249,-72.49701
782,997,42.12449,-72.55951
783,998,42.12374,-72.62689
784,999,42.1245,-72.5382
785,1000,42.12372,-72.61744
786,1001,42.124,-72.56001
787,1002,42.12371,-72.60392
788,1003,42.12364,-72.5866
789,1005,42.12362,-72.58426
790,1006,42.12347,-72.6039
791,1007,42.12317,-72.60974
792,1008,42.1235,-72.5866
793,1009,42.12182,-72.56157
794,1012,42.12325,-72.54214
795,1013,42.12294,-72.58434
796,1014,42.12308,-72.60953
797,1015,42.12362,-72.54095
798,1017,42.12239,-72.61673
799,1018,42.12199,-72.62742
800,1020,42.12324,-72.49747
801,1022,42.12236,-72.58805
802,1023,42.1222,-72.58845
803,1024,42.12197,-72.61661
804,1026,42.12047,-72.74544
805,1027,42.12034,-72.75282
806,1029,42.12282,-72.54267
807,1030,42.12262,-72.4975
808,1031,42.12175,-72.58418
809,1032,42.12144,-72.62734
810,1033,42.11995,-72.75615
811,1035,42.12177,-72.56179
812,1036,42.12284,-72.56069
813,1037,42.1217,-72.54934
814,1038,42.12219,-72.49777
815,1039,42.12109,-72.61601
816,1040,42.12196,-72.54412
817,1041,42.11968,-72.74328
818,1042,42.12123,-72.59001
819,1043,42.12112,-72.59053
820,1044,42.11935,-72.75934
821,1046,42.11922,-72.75928
822,1049,42.12036,-72.62749
823,1051,42.12054,-72.60524
824,1052,42.12036,-72.61574
825,1053,42.12034,-72.60498
826,1054,42.12117,-72.54484
827,1056,42.11918,-72.74029
828,1058,42.12131,-72.49789
829,1061,42.12069,-72.54548
830,1062,42.12034,-72.61561
831,1063,42.12024,-72.59248
832,1064,42.12012,-72.59247
833,1065,42.12007,-72.56342
834,1066,42.11991,-72.6082
835,1067,42.11968,-72.62743
836,1068,42.11963,-72.60824
837,1069,42.11818,-72.73692
838,1070,42.12029,-72.56311
839,1075,42.11996,-72.54588
840,1077,42.1193,-72.60458
841,1078,42.12026,-72.49838
842,1079,42.11967,-72.54633
843,1080,42.11869,-72.62767
844,1081,42.11897,-72.60405
845,1083,42.11877,-72.61488
846,1084,42.11942,-72.54821
847,1089,42.1185,-72.62756
848,1091,42.11868,-72.61472
849,1093,42.11859,-72.60781
850,1097,42.11849,-72.60761
851,1100,42.11927,-72.49855
852,1101,42.11868,-72.54695
853,1103,42.11808,-72.59492
854,1104,42.11796,-72.6031
855,1105,42.11806,-72.5948
856,1106,42.11837,-72.56499
857,1107,42.11774,-72.54821
858,1109,42.11796,-72.60291
859,1110,42.1178,-72.61447
860,1112,42.11769,-72.61628
861,1113,42.11761,-72.61623
862,1114,42.11785,-72.56563
863,1117,42.11747,-72.6178
864,1119,42.11722,-72.62777
865,1120,42.11728,-72.61774
866,1121,42.11791,-72.54546
867,1125,42.11771,-72.51688
868,1126,42.11741,-72.54831
869,1127,42.11679,-72.60701
870,1128,42.11681,-72.60688
871,1130,42.11664,-72.62741
872,1131,42.11765,-72.51273
873,1132,42.1176,-72.51458
874,1133,42.11763,-72.51055
875,1134,42.11756,-72.51237
876,1135,42.11758,-72.50783
877,1136,42.11755,-72.51081
878,1137,42.11677,-72.59513
879,1139,42.11676,-72.58475
880,1140,42.11751,-72.50845
881,1142,42.11753,-72.50436
882,1143,42.11666,-72.5953
883,1144,42.11655,-72.60129
884,1145,42.11742,-72.50443
885,1147,42.11688,-72.54912
886,1149,42.1166,-72.58489
887,1151,42.11634,-72.56703
888,1152,42.11598,-72.61778
889,1153,42.1144,-72.72752
890,1156,42.11694,-72.49896
891,1157,42.11587,-72.60659
892,1158,42.11578,-72.61759
893,1161,42.11621,-72.59344
894,1162,42.11663,-72.52107
895,1167,42.11642,-72.52168
896,1168,42.11623,-72.56701
897,1176,42.11557,-72.55175
898,1177,42.11602,-72.52507
899,1178,42.11613,-72.50035
900,1179,42.11518,-72.61262
901,1181,42.11506,-72.61273
902,1183,42.11584,-72.52518
903,1184,42.11592,-72.50025
904,1185,42.11509,-72.59936
905,1186,42.11583,-72.49866
906,1187,42.11494,-72.60624
907,1193,42.11491,-72.61455
908,1194,42.1153,-72.55216
909,1195,42.11463,-72.61642
910,1197,42.11483,-72.59581
911,1200,42.11453,-72.60592
912,1201,42.11494,-72.55369
913,1203,42.11584,-72.59537
914,1205,42.11421,-72.62529
915,1206,42.11494,-72.52802
916,1207,42.1147,-72.55399
917,1208,42.11517,-72.60279
918,1209,42.11396,-72.62533
919,1210,42.11487,-72.52797
920,1211,42.11423,-72.56896
921,1213,42.11447,-72.56863
922,1214,42.1139,-72.61082
923,1216,42.11464,-72.52989
924,1220,42.11375,-72.61084
925,1221,42.11428,-72.55573
926,1222,42.11391,-72.59652
927,1225,42.11387,-72.59641
928,1228,42.11436,-72.53101
929,1232,42.11366,-72.59744
930,1233,42.11355,-72.60545
931,1234,42.11422,-72.53282
932,1235,42.11357,-72.60132
933,1236,42.11413,-72.53287
934,1239,42.11222,-72.72394
935,1240,42.11406,-72.53501
936,1242,42.11398,-72.53452
937,1246,42.11378,-72.53847
938,1249,42.11369,-72.53839
939,1253,42.11335,-72.55875
940,1254,42.11168,-72.71181
941,1255,42.1132,-72.54275
942,1257,42.11272,-72.6101
943,1258,42.11076,-72.70993
944,1259,42.11313,-72.55033
945,1260,42.11256,-72.6099
946,1261,42.11315,-72.54917
947,1263,42.11379,-72.55682
948,1264,42.113,-72.55067
949,1265,42.11306,-72.54307
950,1266,42.11279,-72.57027
951,1267,42.11241,-72.60449
952,1268,42.1127,-72.58013
953,1269,42.11294,-72.57003
954,1270,42.11245,-72.59849
955,1271,42.11284,-72.55232
956,1273,42.11271,-72.5607
957,1274,42.11231,-72.5985
958,1275,42.11282,-72.54463
959,1276,42.1128,-72.54619
960,1277,42.11209,-72.62502
961,1278,42.11273,-72.55255
962,1280,42.1122,-72.59975
963,1281,42.11256,-72.5607
964,1283,42.11248,-72.55433
965,1284,42.11247,-72.55504
966,1285,42.11171,-72.62492
967,1287,42.11206,-72.59575
968,1288,42.11193,-72.58308
969,1290,42.11127,-72.59862
970,1292,42.1122,-72.55633
971,1296,42.11122,-72.60284
972,1297,42.11198,-72.55845
973,1299,42.11212,-72.56204
974,1300,42.1119,-72.5585
975,1301,42.11145,-72.59966
976,1302,42.11174,-72.5602
977,1304,42.11158,-72.5761
978,1306,42.1116,-72.58334
979,1307,42.11157,-72.57623
980,1309,42.11136,-72.56497
981,1311,42.1114,-72.56276
982,1314,42.11174,-72.5632
983,1315,42.11122,-72.56323
984,1316,42.11069,-72.60346
985,1317,42.11058,-72.6113
986,1319,42.11057,-72.60351
987,1320,42.11021,-72.58515
988,1321,42.11056,-72.58493
989,1322,42.11036,-72.61127
990,1323,42.11069,-72.56725
991,1325,42.11054,-72.57499
992,1326,42.11073,-72.57531
993,1327,42.11048,-72.5671
994,1328,42.11022,-72.56968
995,1329,42.10983,-72.62482
996,1330,42.1102,-72.57358
997,1331,42.11014,-72.57384
998,1332,42.11009,-72.56951
999,1334,42.10975,-72.601
1000,1335,42.10978,-72.60144
1001,1336,42.10954,-72.62434
1002,1338,42.10963,-72.56884
1003,1339,42.10973,-72.57165
1004,1340,42.1096,-72.57335
1005,1341,42.10948,-72.57312
1006,1345,42.10776,-72.70348
1007,1346,42.10893,-72.58667
1008,1347,42.11055,-72.71
1009,1350,42.10887,-72.57544
1010,1351,42.10894,-72.56882
1011,1352,42.10744,-72.70816
1012,1353,42.10743,-72.68863
1013,1354,42.10844,-72.58738
1014,1355,42.10801,-72.62375
1015,1356,42.10746,-72.68748
1016,1357,42.10824,-72.58747
1017,1358,42.10836,-72.57604
1018,1359,42.10837,-72.55224
1019,1360,42.10851,-72.54942
1020,1361,42.10829,-72.55249
1021,1363,42.10809,-72.55535
1022,1365,42.10798,-72.55466
1023,1366,42.10797,-72.55828
1024,1367,42.10703,-72.64836
1025,1369,42.10793,-72.55705
1026,1371,42.10722,-72.62269
1027,1372,42.10769,-72.56846
1028,1374,42.10689,-72.64867
1029,1375,42.10769,-72.55752
1030,1376,42.1068,-72.65021
1031,1377,42.1076,-72.57665
1032,1378,42.10681,-72.64542
1033,1379,42.1069,-72.62371
1034,1380,42.10681,-72.62294
1035,1381,42.10734,-72.5761
1036,1382,42.10655,-72.65092
1037,1383,42.1066,-72.64511
1038,1385,42.10642,-72.65256
1039,1386,42.1072,-72.55827
1040,1387,42.1072,-72.57877
1041,1388,42.10625,-72.65276
1042,1390,42.10648,-72.61896
1043,1391,42.10648,-72.61645
1044,1392,42.1063,-72.62512
1045,1395,42.10654,-72.58949
1046,1396,42.10612,-72.61786
1047,1398,42.10647,-72.58975
1048,1399,42.10623,-72.61592
1049,1400,42.10679,-72.55135
1050,1401,42.10652,-72.57505
1051,1402,42.10652,-72.56822
1052,1403,42.1058,-72.64291
1053,1404,42.10593,-72.62674
1054,1405,42.10647,-72.57483
1055,1406,42.10585,-72.64274
1056,1407,42.1056,-72.65941
1057,1408,42.10556,-72.65803
1058,1409,42.10596,-72.62005
1059,1411,42.10583,-72.62665
1060,1412,42.10543,-72.661
1061,1413,42.10581,-72.58064
1062,1414,42.10542,-72.65678
1063,1416,42.10599,-72.59146
1064,1417,42.10634,-72.55824
1065,1418,42.10567,-72.57379
1066,1419,42.10587,-72.56821
1067,1421,42.10591,-72.55837
1068,1423,42.10576,-72.57376
1069,1424,42.10581,-72.55977
1070,1426,42.10574,-72.55986
1071,1427,42.10497,-72.64105
1072,1428,42.10514,-72.6198
1073,1429,42.10564,-72.56125
1074,1431,42.10469,-72.66346
1075,1432,42.10491,-72.62983
1076,1433,42.10452,-72.66484
1077,1434,42.10555,-72.56135
1078,1436,42.10441,-72.67254
1079,1437,42.10485,-72.61409
1080,1438,42.10468,-72.64072
1081,1439,42.10433,-72.67537
1082,1440,42.10541,-72.56326
1083,1441,42.10441,-72.66973
1084,1442,42.10487,-72.62962
1085,1443,42.1049,-72.61393
1086,1444,42.10419,-72.67617
1087,1445,42.10514,-72.58203
1088,1446,42.10526,-72.56454
1089,1447,42.10422,-72.66966
1090,1448,42.10422,-72.66676
1091,1449,42.10517,-72.56457
1092,1451,42.10491,-72.56753
1093,1452,42.10482,-72.56761
1094,1453,42.10401,-72.63368
1095,1454,42.10468,-72.58241
1096,1455,42.1048,-72.57236
1097,1456,42.10373,-72.63453
1098,1457,42.10409,-72.58905
1099,1458,42.10357,-72.63614
1100,1463,42.10374,-72.61243
1101,1464,42.10366,-72.61209
1102,1466,42.10389,-72.59267
1103,1467,42.10368,-72.59263
1104,1470,42.10428,-72.57175
1105,1474,42.10327,-72.5918
1106,1475,42.10322,-72.58952
1107,1476,42.10285,-72.61097
1108,1477,42.10268,-72.61043
1109,1478,42.10355,-72.57044
1110,1479,42.10283,-72.58502
1111,1480,42.10263,-72.56925
1112,1481,42.10248,-72.59003
1113,1483,42.10053,-72.56619
1114,1484,42.102,-72.60908
1115,1487,42.10202,-72.58247
1116,1488,42.1018,-72.60883
1117,1492,42.10157,-72.56772
1118,1494,42.1016,-72.58186
1119,1495,42.10149,-72.58826
1120,1496,42.10169,-72.56772
1121,1498,42.10138,-72.58136
1122,1499,42.10101,-72.56672
1123,1500,42.10028,-72.60563
1124,1501,42.10041,-72.60605
1125,1503,42.10037,-72.58609
1126,1504,42.10005,-72.57967
1127,1505,42.10017,-72.58599
1128,1506,42.09998,-72.57923
1129,1507,42.0999,-72.56508
1130,1508,42.09978,-72.57633
1131,1509,42.0992,-72.63434
1132,1511,42.09965,-72.57647
1133,1512,42.09964,-72.57506
1134,1513,42.09883,-72.63497
1135,1514,42.09958,-72.57469
1136,1515,42.0992,-72.60391
1137,1516,42.09943,-72.58471
1138,1518,42.09872,-72.63545
1139,1520,42.09908,-72.57318
1140,1521,42.09923,-72.57336
1141,1522,42.0984,-72.63271
1142,1524,42.09841,-72.60275
1143,1528,42.09845,-72.60304
1144,1529,42.0983,-72.58348
1145,1530,42.09859,-72.58359
1146,1531,42.09831,-72.5707
1147,1532,42.09827,-72.56402
1148,1534,42.09783,-72.60216
1149,1537,42.09801,-72.56945
1150,1538,42.09803,-72.56978
1151,1539,42.09723,-72.63532
1152,1540,42.09701,-72.63222
1153,1542,42.0975,-72.58276
1154,1543,42.09694,-72.63212
1155,1544,42.09694,-72.59929
1156,1545,42.09708,-72.58221
1157,1546,42.09716,-72.56659
1158,1547,42.0972,-72.56422
1159,1548,42.0968,-72.59922
1160,1549,42.09712,-72.56661
1161,1551,42.09687,-72.56552
1162,1552,42.09629,-72.60685
1163,1554,42.09663,-72.56203
1164,1555,42.09655,-72.56229
1165,1557,42.09583,-72.63198
1166,1559,42.09555,-72.63391
1167,1560,42.096,-72.56079
1168,1561,42.09611,-72.56081
1169,1562,42.09593,-72.58174
1170,1565,42.09564,-72.5815
1171,1566,42.09627,-72.50298
1172,1567,42.09621,-72.5
1173,1570,42.09607,-72.5045
1174,1571,42.09549,-72.60508
1175,1573,42.09453,-72.6346
1176,1576,42.09443,-72.61465
1177,1577,42.09561,-72.50899
1178,1578,42.09449,-72.61394
1179,1579,42.09419,-72.63509
1180,1580,42.09413,-72.63132
1181,1581,42.0947,-72.55905
1182,1582,42.09446,-72.5811
1183,1584,42.09468,-72.55882
1184,1585,42.0943,-72.58118
1185,1586,42.09396,-72.61608
1186,1587,42.09389,-72.61582
1187,1588,42.09483,-72.51004
1188,1589,42.09476,-72.5096
1189,1591,42.0947,-72.51375
1190,1593,42.09466,-72.51462
1191,1594,42.09432,-72.50826
1192,1595,42.09334,-72.61808
1193,1597,42.0943,-72.50842
1194,1599,42.09323,-72.61798
1195,1600,42.0936,-72.58079
1196,1601,42.09304,-72.63093
1197,1602,42.09368,-72.57159
1198,1603,42.09368,-72.5537
1199,1604,42.09372,-72.55391
1200,1606,42.09305,-72.61931
1201,1608,42.09359,-72.55281
1202,1609,42.09351,-72.55204
1203,1610,42.0934,-72.55545
1204,1612,42.0938,-72.50589
1205,1613,42.09368,-72.55743
1206,1614,42.0933,-72.56921
1207,1615,42.09349,-72.56913
1208,1616,42.09333,-72.55715
1209,1617,42.09333,-72.55641
1210,1619,42.09372,-72.5059
1211,1620,42.09265,-72.62123
1212,1621,42.09325,-72.55642
1213,1622,42.09336,-72.52217
1214,1623,42.09283,-72.57452
1215,1624,42.09297,-72.55861
1216,1625,42.09292,-72.55852
1217,1627,42.09271,-72.57062
1218,1628,42.09275,-72.56749
1219,1629,42.09217,-72.57511
1220,1630,42.09268,-72.56036
1221,1631,42.09187,-72.63711
1222,1632,42.09266,-72.56659
1223,1633,42.093,-72.52077
1224,1635,42.09254,-72.57119
1225,1636,42.09262,-72.5603
1226,1640,42.09243,-72.56199
1227,1641,42.09234,-72.56211
1228,1642,42.09226,-72.56487
1229,1643,42.09173,-72.62358
1230,1644,42.09262,-72.52493
1231,1646,42.09218,-72.56498
1232,1648,42.09186,-72.62364
1233,1649,42.09253,-72.52259
1234,1650,42.09199,-72.56799
1235,1651,42.09186,-72.56775
1236,1652,42.09201,-72.58028
1237,1653,42.09189,-72.57246
1238,1654,42.09225,-72.52676
1239,1655,42.09172,-72.57972
1240,1656,42.09179,-72.57538
1241,1657,42.09131,-72.62483
1242,1658,42.09192,-72.55505
1243,1659,42.09172,-72.57255
1244,1660,42.09207,-72.52768
1245,1661,42.09385,-72.50063
1246,1662,42.09129,-72.49893
1247,1663,42.09185,-72.52526
1248,1664,42.09178,-72.52919
1249,1665,42.09135,-72.5735
1250,1666,42.09066,-72.63802
1251,1667,42.09122,-72.57351
1252,1668,42.09115,-72.554
1253,1669,42.09035,-72.6295
1254,1670,42.09068,-72.57721
1255,1671,42.09074,-72.57778
1256,1672,42.09104,-72.53309
1257,1673,42.0909,-72.55379
1258,1674,42.09078,-72.56675
1259,1675,42.09107,-72.53025
1260,1676,42.09068,-72.56635
1261,1678,42.09071,-72.53407
1262,1679,42.08955,-72.63869
1263,1680,42.08947,-72.63882
1264,1681,42.09016,-72.5651
1265,1682,42.09039,-72.53664
1266,1683,42.09008,-72.56525
1267,1684,42.09014,-72.55276
1268,1685,42.09012,-72.55259
1269,1686,42.09004,-72.53759
1270,1687,42.08969,-72.57542
1271,1688,42.08963,-72.57561
1272,1689,42.08971,-72.56328
1273,1690,42.08996,-72.53886
1274,1691,42.08971,-72.53932
1275,1692,42.0894,-72.57682
1276,1694,42.08955,-72.54092
1277,1695,42.08905,-72.57382
1278,1696,42.08925,-72.56208
1279,1697,42.08939,-72.54109
1280,1698,42.08919,-72.57366
1281,1699,42.08902,-72.57643
1282,1700,42.08878,-72.5718
1283,1701,42.08885,-72.55084
1284,1702,42.0889,-72.54425
1285,1703,42.08859,-72.57127
1286,1704,42.08874,-72.55083
1287,1705,42.08842,-72.57626
1288,1706,42.08866,-72.54477
1289,1707,42.08841,-72.56036
1290,1708,42.08824,-72.5759
1291,1709,42.08832,-72.56008
1292,1710,42.08809,-72.56863
1293,1711,42.08817,-72.56852
1294,1712,42.08824,-72.54767
1295,1713,42.08718,-72.64083
1296,1715,42.08796,-72.54919
1297,1716,42.08791,-72.54859
1298,1717,42.08746,-72.56522
1299,1718,42.08745,-72.56461
1300,1719,42.08747,-72.55916
1301,1720,42.08729,-72.55879
1302,1721,42.08739,-72.54898
1303,1722,42.08734,-72.55236
1304,1723,42.08734,-72.54878
1305,1725,42.08717,-72.55244
1306,1726,42.08698,-72.55423
1307,1727,42.08697,-72.562
1308,1728,42.08665,-72.57515
1309,1729,42.08663,-72.5749
1310,1730,42.08667,-72.56102
1311,1733,42.08665,-72.55509
1312,1734,42.08709,-72.50285
1313,1735,42.08644,-72.55805
1314,1736,42.08682,-72.55828
1315,1737,42.08636,-72.55928
1316,1738,42.08636,-72.55752
1317,1739,42.08542,-72.64302
1318,1740,42.08625,-72.54728
1319,1741,42.08599,-72.55718
1320,1743,42.08512,-72.64328
1321,1744,42.08641,-72.50481
1322,1745,42.08632,-72.50427
1323,1746,42.08587,-72.55747
1324,1747,42.08588,-72.55594
1325,1748,42.0858,-72.54682
1326,1749,42.08567,-72.56092
1327,1750,42.08559,-72.55498
1328,1751,42.08553,-72.56074
1329,1752,42.08562,-72.54637
1330,1753,42.08529,-72.55273
1331,1754,42.08516,-72.56281
1332,1755,42.08521,-72.55306
1333,1756,42.0851,-72.56387
1334,1757,42.08511,-72.55168
1335,1758,42.08484,-72.56517
1336,1759,42.08398,-72.64484
1337,1760,42.08487,-72.55644
1338,1761,42.08486,-72.55102
1339,1762,42.08483,-72.55624
1340,1763,42.08491,-72.55057
1341,1764,42.08449,-72.57428
1342,1765,42.08457,-72.56582
1343,1766,42.08443,-72.56728
1344,1767,42.08357,-72.64523
1345,1768,42.08442,-72.54795
1346,1769,42.08432,-72.54811
1347,1770,42.08393,-72.56915
1348,1771,42.08402,-72.54434
1349,1772,42.08398,-72.54412
1350,1773,42.08376,-72.55518
1351,1774,42.08351,-72.572
1352,1775,42.08376,-72.54444
1353,1776,42.08347,-72.57141
1354,1777,42.08369,-72.54466
1355,1778,42.08361,-72.55517
1356,1779,42.08337,-72.57369
1357,1780,42.08315,-72.57313
1358,1782,42.0823,-72.64694
1359,1783,42.08202,-72.64717
1360,1785,42.08243,-72.54218
1361,1786,42.0823,-72.55477
1362,1787,42.08114,-72.64845
1363,1788,42.08197,-72.5546
1364,1789,42.08227,-72.5417
1365,1790,42.08085,-72.64865
1366,1791,42.08181,-72.5407
1367,1792,42.08018,-72.64969
1368,1793,42.08118,-72.54001
1369,1794,42.08103,-72.53929
1370,1795,42.08104,-72.5399
1371,1796,42.07999,-72.6498
1372,1797,42.08057,-72.53798
1373,1798,42.08022,-72.53693
1374,1799,42.07997,-72.55428
1375,1800,42.08009,-72.53491
1376,1801,42.0789,-72.65137
1377,1802,42.07984,-72.53372
1378,1803,42.07968,-72.55435
1379,1804,42.07868,-72.65151
1380,1805,42.07981,-72.52742
1381,1806,42.07888,-72.61933
1382,1807,42.07945,-72.53185
1383,1808,42.07928,-72.53161
1384,1809,42.0779,-72.65266
1385,1810,42.0786,-72.53962
1386,1811,42.0779,-72.55395
1387,1812,42.07781,-72.52715
1388,1813,42.07748,-72.554
1389,1814,42.07746,-72.53911
1390,1815,42.07639,-72.6545
1391,1816,42.07741,-72.53919
1392,1818,42.07609,-72.65502
1393,1819,42.07697,-72.55375
1394,1820,42.07522,-72.65616
1395,1821,42.07471,-72.65667
1396,1824,42.07414,-72.65741
1397,1825,42.07499,-72.53884
1398,1826,42.07493,-72.53873
1399,1829,42.07296,-72.65911
1400,1831,42.07283,-72.61466
1401,1832,42.07326,-72.53859
1402,1833,42.07221,-72.61484
1403,1834,42.07328,-72.5385
1404,1837,42.07066,-72.6785
1405,1838,42.07082,-72.53813
1406,1841,42.07032,-72.53786
1407,1842,42.06877,-72.66709
1408,1844,42.06838,-72.67009
1409,1845,42.06918,-72.55484
1410,1846,42.06836,-72.61548
1411,1847,42.06813,-72.61565
1412,1849,42.06729,-72.67517
1413,1850,42.06732,-72.67459
1414,1851,42.0684,-72.55371
1415,1852,42.06703,-72.67732
1416,1853,42.0669,-72.67808
1417,1856,42.06762,-72.53857
1418,1857,42.06714,-72.53895
1419,1858,42.06703,-72.55232
1420,1859,42.06473,-72.57924
1421,1862,42.06402,-72.55158
1422,1863,42.06239,-72.69242
1423,1867,42.06236,-72.57925
1424,1871,42.0599,-72.57987
1425,1873,42.05919,-72.66026
1426,1875,42.05786,-72.58048
1427,1876,42.05705,-72.58101
1428,1877,42.05675,-72.58092
1429,1878,42.05548,-72.58167
1430,1879,42.05441,-72.65867
1431,1880,42.05491,-72.58163
1432,1882,42.05414,-72.53358
1433,1883,42.05401,-72.58212
1434,1884,42.0505,-72.53241
1435,1886,42.05065,-72.58302
1436,1887,42.05015,-72.58294
1437,1889,42.04536,-72.58401
1438,1890,42.04416,-72.5842
1439,1892,42.04182,-72.58427
1440,1893,42.03926,-72.5842
1441,1894,42.03976,-72.584
1442,1896,42.03149,-72.58196
1443,1897,42.03297,-72.58241
1444,1898,42.03283,-72.58219
1445,1899,42.0282,-72.58147
1446,1900,42.02676,-72.58245
1447,1901,42.02657,-72.58249
1448,1902,42.02539,-72.58349
1449,1903,42.02486,-72.58372
1450,1904,42.17588,-72.64842
1451,1905,42.10914,-72.60081
1452,1906,42.1079,-72.59953
1453,1907,42.10779,-72.59908
1454,1908,42.10696,-72.5986
1455,1909,42.10625,-72.59725
1456,1913,42.10815,-72.59355
1457,1914,42.10835,-72.59359
1458,1915,42.10899,-72.59285
1459,1916,42.1099,-72.59382
1460,1917,42.10891,-72.59232
1461,1918,42.10925,-72.59202
1462,1919,42.11081,-72.59228
1463,1920,42.10868,-72.59554
1464,1921,42.10515,-72.59066
1465,1922,42.10482,-72.59158
1466,1997,42.15715,-72.58422
1467,1998,42.1538,-72.58461
1468,2000,42.32613,-72.53029
1469,2001,42.3261,-72.5304
1470,2470,42.32169,-72.53351
1471,2471,42.32178,-72.53346
1472,2780,42.28308,-72.40537
1473,2781,42.28302,-72.40553
1474,4173,42.32038,-72.63448
1475,4371,42.20435,-72.60273
1476,5000,42.065,-72.57624
1477,5001,42.06494,-72.57354
1478,5002,42.06568,-72.56684
1479,5003,42.06554,-72.56682
1480,5004,42.06535,-72.55325
1481,5040,42.25286,-72.5778
1482,5041,42.25087,-72.57904
1483,5042,42.24505,-72.58049
1484,5043,42.23237,-72.58507
1485,5044,42.22873,-72.58704
1486,5053,42.18287,-72.66603
1487,5054,42.17866,-72.68564
1488,5055,42.17935,-72.70632
1489,5057,42.1752,-72.72722
1490,5058,42.16932,-72.72677
1491,5059,42.16225,-72.72634
1492,5060,42.14922,-72.72806
1493,5061,42.14335,-72.73208
1494,5062,42.13585,-72.73933
1495,5063,42.13053,-72.7452
1496,5091,42.13012,-72.74436
1497,5101,42.10613,-72.59442
1498,5102,42.10602,-72.59455
1499,5103,42.1059,-72.59471
1500,5104,42.10586,-72.59488
1501,5105,42.106,-72.59471
1502,5106,42.1061,-72.59458
1503,5107,42.10617,-72.5945
1504,5108,42.1062,-72.5948
1505,5109,42.10593,-72.59512
1506,5110,42.10581,-72.59528
1507,5111,42.10567,-72.59546
1508,5112,42.10658,-72.5946
1509,5113,42.10671,-72.59479
1510,5114,42.10683,-72.59496
1511,5115,42.10663,-72.59502
1512,5116,42.10655,-72.59486
1513,5117,42.10645,-72.59463
1514,5800,42.17063,-72.63509
1515,5941,42.17215,-72.63183
1516,6001,42.13566,-72.58431
1517,6002,42.1294,-72.5846
1518,6003,42.11419,-72.58593
1519,6004,42.11321,-72.58699
1520,6005,42.11172,-72.5889
1521,6006,42.11023,-72.59077
1522,6007,42.11132,-72.59213
1523,6008,42.04805,-72.52261
1524,6009,42.10298,-72.58739
1525,6010,42.10836,-72.57604
1526,6011,42.10775,-72.56858
1527,6012,42.10496,-72.56628
1528,6013,42.1054,-72.56263
1529,6014,42.10262,-72.56911
1530,6016,42.10368,-72.58685
1531,6017,42.11041,-72.59042
1532,6018,42.11151,-72.58903
1533,6019,42.11287,-72.58734
1534,6020,42.11441,-72.58566
1535,6021,42.11604,-72.58493
1536,6023,42.13366,-72.58467
1537,6024,42.13851,-72.58269
1538,6026,42.10996,-72.57129
1539,6027,42.11476,-72.61662
1540,6028,42.1148,-72.61469
1541,6029,42.10162,-72.58821
1542,6031,42.08722,-72.50244
1543,6032,42.14809,-72.60298
1544,6040,42.0983,-72.56416
1545,6041,42.21457,-72.59327
1546,6042,42.21471,-72.59418
1547,6043,42.13571,-72.58415
1548,6139,42.31778,-72.63181
1549,6187,42.374941,-72.532596
1550,6188,42.375001,-72.532695
1551,6243,42.09095,-72.57653
1552,6247,42.09123,-72.5759
1553,6260,42.31574,-72.6317
1554,6262,42.30289,-72.62202
1555,6263,42.30419,-72.62217
1556,6266,42.269514,-72.67182
1557,6270,42.269611,-72.67179
1558,6281,42.10765,-72.70385
1559,6282,42.14317,-72.54759
1560,6284,42.12768,-72.58175
1561,6285,42.08406,-72.5467
1562,6288,42.08635,-72.5588
1563,6289,42.10334,-72.59227
1564,6290,42.19523,-72.65297
1565,6302,42.14783,-72.5426
1566,6303,42.14828,-72.54151
1567,6304,42.1502,-72.53706
1568,6305,42.14635,-72.52725
1569,6306,42.14261,-72.52565
1570,6307,42.14387,-72.53659
1571,6308,42.14417,-72.5422
1572,6324,42.12434,-72.61007
1573,6330,42.14175,-72.52607
1574,6350,42.14805,-72.59887
1575,6351,42.14801,-72.59508
1576,6352,42.14799,-72.592
1577,6353,42.15248,-72.5844
1578,6354,42.17298,-72.57483
1579,6371,42.09412,-72.51579
1580,6373,42.08386,-72.57022
1581,6374,42.08499,-72.57422
1582,6375,42.11272,-72.60461
1583,6376,42.11376,-72.60546
1584,6379,42.14515,-72.52139
1585,6380,42.15905,-72.50314
1586,6400,42.1406,-72.49984
1587,6401,42.11433,-72.58044
1588,6402,42.11677,-72.58244
1589,6403,42.11676,-72.58261
1590,6404,42.11389,-72.58016
1591,6406,42.11047,-72.57837
1592,6407,42.11043,-72.57816
1593,6410,42.11213,-72.56249
1594,6411,42.10592,-72.59183
1595,6413,42.12016,-72.75459
1596,6414,42.1191,-72.74159
1597,6415,42.20167,-72.64369
1598,6416,42.18944,-72.64974
1599,6417,42.10185,-72.58401
1600,6420,42.09285,-72.55631
1601,6421,42.09619,-72.6072
1602,6427,42.10145,-72.54905
1603,6428,42.10172,-72.5483
1604,6429,42.09773,-72.55054
1605,6430,42.09753,-72.55075
1606,6431,42.11561,-72.5511
1607,6432,42.11518,-72.55113
1608,6433,42.12313,-72.54933
1609,6434,42.1389,-72.54781
1610,6435,42.12965,-72.54585
1611,6436,42.13219,-72.54618
1612,6437,42.13221,-72.54594
1613,6439,42.11344,-72.54837
1614,6441,42.16338,-72.61894
1615,6442,42.18479,-72.61085
1616,6444,42.19154,-72.60139
1617,6445,42.1903,-72.60278
1618,6446,42.18904,-72.60448
1619,6447,42.18723,-72.60762
1620,6450,42.17183,-72.62335
1621,6452,42.1823,-72.61115
1622,6453,42.18174,-72.61158
1623,6454,42.17892,-72.61354
1624,6457,42.1909,-72.62952
1625,6458,42.15155,-72.63068
1626,6463,42.10768,-72.5466
1627,6464,42.09761,-72.57347
1628,6465,42.09579,-72.57414
1629,6466,42.09673,-72.57363
1630,6467,42.09811,-72.57309
1631,6470,42.217985,-72.6413
1632,6471,42.218202,-72.641306
1633,6473,42.0969,-72.5737
1634,6474,42.10401,-72.54616
1635,6475,42.10783,-72.54676
1636,6476,42.1294,-72.54558
1637,6477,42.12461,-72.54701
1638,6500,42.21071,-72.62059
1639,6501,42.21131,-72.62041
1640,6504,42.14932,-72.58631
1641,6550,42.19871,-72.60844
1642,6551,42.19674,-72.61043
1643,6552,42.19588,-72.61128
1644,6553,42.18853,-72.62353
1645,6554,42.18789,-72.62419
1646,6555,42.1778,-72.63001
1647,6556,42.17659,-72.63036
1648,6557,42.17415,-72.63118
1649,6633,42.157,-72.58398
1650,6801,42.18984,-72.62064
1651,6802,42.13506,-72.73999
1652,6808,42.09178,-72.555
1653,6811,42.20576,-72.60496
1654,6850,42.1568,-72.50628
1655,6860,42.15686,-72.50612
1656,6870,42.14085,-72.57469
1657,6910,42.11257,-72.58027
1658,6950,42.15721,-72.4809
1659,6951,42.15931,-72.48036
1660,6952,42.15931,-72.48001
1661,6953,42.12021,-72.74732
1662,7000,42.31816,-72.63119
1663,7043,42.357903,-72.550119
1664,7442,42.33377,-72.6357
1665,7443,42.33841,-72.64611
1666,7444,42.33844,-72.64197
1667,7445,42.30613,-72.67511
1668,7446,42.3061,-72.67528
1669,7447,42.32377,-72.67686
1670,7481,42.30328,-72.6237
1671,7482,42.21069,-72.60775
1672,7483,42.21428,-72.616958
1673,7484,42.303371,-72.625329
1674,8000,42.35794,-72.48424
1675,8001,42.39376,-72.53301
1676,8002,42.35471,-72.48011
1677,8006,42.46494,-72.58034
1678,8008,42.41275,-72.51427
1679,8010,42.35498,-72.52081
1680,8011,42.35433,-72.52202
1681,8014,42.26148,-72.57267
1682,8015,42.26166,-72.58078
1683,8016,42.29941,-72.602208
1684,8017,42.29921,-72.602526
1685,8018,42.334365,-72.588106
1686,8019,42.334473,-72.588697
1687,8020,42.33757,-72.605839
1688,8022,42.337413,-72.60588
1689,8024,42.41742,-72.52387
1690,8025,42.41717,-72.52689
1691,8110,42.1424,-72.4902
1692,8860,42.13373,-72.52311
1693,8888,42.12278,-72.74932
1694,9000,42.086,-72.50799
1695,9003,42.36853,-72.69361
1696,9004,42.36864,-72.69382
1697,9005,42.11138,-72.59284
1698,9006,42.08597,-72.55874
1699,9007,42.33122,-72.67653
1700,9008,42.3299,-72.67862
1701,9009,42.33355,-72.62941
1702,9011,42.3768,-72.70591
1703,9012,42.33369,-72.6295
1704,9014,42.10768,-72.57784
1705,9016,42.15428,-72.54874
1706,9017,42.18065,-72.51524
1707,9022,42.10209,-72.59127
1708,9023,42.10623,-72.6938
1709,9024,42.10603,-72.6941
1710,9025,42.09909,-72.59518
1711,9026,42.09885,-72.5952
1712,9027,42.13582,-72.61557
1713,9028,42.13553,-72.61581
1714,9029,42.16255,-72.64582
1715,9030,42.16231,-72.64664
1716,9031,42.10908,-72.61392
1717,9032,42.10881,-72.61395
1718,9033,42.16226,-72.63945
1719,9034,42.16213,-72.63921
1720,9037,42.08308,-72.54309
1721,9038,42.10922,-72.60051
1722,9039,42.08699,-72.62843
1723,9040,42.10293,-72.58965
1724,9041,42.13236,-72.59993
1725,9042,42.13233,-72.60027
1726,9043,42.19496,-72.60115
1727,9044,42.1951,-72.6015
1728,9045,42.08113,-72.53919
1729,9047,42.06406,-72.53954
1730,9048,42.0639,-72.53934
1731,9050,42.37396,-72.53154
1732,9051,42.37559,-72.52391
1733,9052,42.37576,-72.52171
1734,9053,42.41517,-72.52984
1735,9054,42.41466,-72.5326
1736,9055,42.41466,-72.53245
1737,9058,42.31537,-72.575919
1738,9059,42.31544,-72.57599
1739,9060,42.14001,-72.5819
1740,9062,42.17833,-72.68637
1741,9080,42.12528,-72.6106
1742,9084,42.05661,-72.5351
1743,9085,42.0563,-72.53496
1744,9086,42.20851,-72.6073
1745,9087,42.20845,-72.60735
1746,9088,42.20839,-72.60741
1747,9089,42.20834,-72.60746
1748,9091,42.21174,-72.59608
1749,9092,42.21194,-72.59618
1750,9095,42.30732,-72.65858
1751,9096,42.20828,-72.60752
1752,9097,42.20823,-72.60757
1753,9098,42.20817,-72.60763
1754,9111,42.28824,-72.60207
1755,9112,42.28875,-72.60188
1756,9113,42.30154,-72.52791
1757,9114,42.30175,-72.52798
1758,9115,42.28057,-72.55793
1759,9116,42.28057,-72.55838
1760,9117,42.46765,-72.58478
1761,9118,42.46757,-72.58493
1762,9119,42.29764,-72.5309
1763,9120,42.09011,-72.62678
1764,9121,42.08989,-72.62674
1765,9122,42.35156,-72.47148
1766,9123,42.35155,-72.47121
1767,9129,42.12526,-72.61587
1768,9130,42.05059,-72.58277
1769,9131,42.06595,-72.5527
1770,9140,42.10688,-72.57887
1771,9141,42.13081,-72.54953
1772,9142,42.13102,-72.54598
1773,9146,42.1308,-72.54707
1774,9150,42.11633,-72.54946
1775,9151,42.11905,-72.54801
1776,9160,42.31673,-72.6316
1777,9161,42.34416,-72.68196
1778,9162,42.28935,-72.660887
1779,9163,42.289235,-72.660737
1780,9164,42.23751,-72.651857
1781,9165,42.237382,-72.651615
1782,9169,42.33731,-72.616939
1783,9170,42.334793,-72.619606
1784,9171,42.38454,-72.53329
1785,9172,42.384722,-72.533126
1786,9180,42.2903,-72.618206
1787,9181,42.29015,-72.61798
1788,9182,42.285211,-72.614886
1789,9183,42.285183,-72.61459
1790,9184,42.06648,-72.5557
1791,9202,42.12543,-72.61392
1792,9203,42.28459,-72.61567
1793,9204,42.28436,-72.61635
1794,9250,42.05983,-72.53764
1795,9310,42.10112,-72.58673
1796,9311,42.10312,-72.58447
1797,9312,42.11014,-72.60136
1798,9315,42.12198,-72.58847
1799,9316,42.10111,-72.58695
1800,9320,42.10963,-72.57341
1801,9322,42.10875,-72.57524
1802,9323,42.11142,-72.59992
1803,9324,42.11366,-72.59685
1804,9326,42.10217,-72.58575
1805,9327,42.10195,-72.58577
1806,9328,42.12526,-72.56717
1807,9329,42.12471,-72.61353
1808,9330,42.09488,-72.55075
1809,9331,42.09479,-72.55099
1810,9441,42.08806,-72.62941
1811,9442,42.08795,-72.62929
1812,9587,42.125,-72.55091
1813,9800,42.12263,-72.77443
1814,9801,42.11942,-72.76325
1815,9901,42.37645,-72.48656
1816,9905,42.21181,-72.591
1817,9906,42.21169,-72.59076
1818,9968,42.15637,-72.47712
1819,9969,42.15475,-72.47255
1820,9970,42.15649,-72.47727
1821,9971,42.15683,-72.48231
1822,9990,42.46997,-72.61526
1823,9993,42.46768,-72.60553
1824,9999,42.41108,-72.53055
1825,10000,42.365602,-72.535557
1826,10001,42.36519,-72.53578
1827,10006,42.01811,-72.58485
1828,10009,42.15443,-72.54905
1829,10010,42.18047,-72.51541
1830,10102,42.12743,-72.6115
1831,11002,42.2157,-72.62942
1832,11003,42.20071,-72.62322
1833,11004,42.18979,-72.60965
1834,11005,42.18981,-72.61007
1835,11010,42.209,-72.60492
1836,11101,42.3761,-72.48114
1837,11115,42.20125,-72.6425
1838,11116,42.20101,-72.64222
1839,11117,42.19792,-72.60923
1840,11120,42.21537,-72.62874
1841,11124,42.19746,-72.60968
1842,11125,42.215243,-72.628826
1843,11142,42.19899,-72.63082
1844,11144,42.20812,-72.6065
1845,11701,42.37166,-72.48001
1846,12601,42.36747,-72.47976
1847,12901,42.36507,-72.48429
1848,13101,42.3633,-72.48833
