stopid,lat,lon
1,42.47704,-72.60745
2,42.47255,-72.6014
4,42.46802,-72.59544
6,42.46539,-72.57587
7,42.45935,-72.57845
8,42.45829,-72.57247
9,42.45767,-72.58146
10,42.45468,-72.56769
11,42.45223,-72.56359
12,42.45157,-72.56287
13,42.44653,-72.55471
14,42.44223,-72.55133
15,42.44217,-72.55149
17,42.43158,-72.54387
18,42.43193,-72.54397
19,42.42701,-72.53996
20,42.42698,-72.54014
21,42.41618,-72.52039
22,42.41539,-72.50735
23,42.41412,-72.52831
24,42.41383,-72.50635
25,42.41299,-72.50832
26,42.41244,-72.51323
28,42.41067,-72.52433
29,42.40959,-72.53461
30,42.40963,-72.53347
31,42.40918,-72.53063
32,42.40907,-72.53075
33,42.40684,-72.51447
34,42.40588,-72.53248
35,42.40494,-72.53083
36,42.40461,-72.51485
37,42.40386,-72.52944
38,42.4032,-72.52916
39,42.40219,-72.51534
40,42.39835,-72.51607
41,42.39842,-72.51623
42,42.3982,-72.52812
43,42.39763,-72.52795
44,42.39726,-72.52169
45,42.39711,-72.52146
46,42.39576,-72.52547
47,42.39569,-72.52528
48,42.39555,-72.51122
49,42.39552,-72.53259
50,42.3954,-72.53245
51,42.39525,-72.51331
52,42.39487,-72.51108
53,42.3946,-72.51581
54,42.39502,-72.51555
55,42.39201,-72.72971
56,42.39383,-72.5261
58,42.39365,-72.52616
59,42.3927,-72.51928
60,42.39254,-72.53424
61,42.39237,-72.53613
62,42.39182,-72.52001
63,42.39148,-72.52524
64,42.39099,-72.5253
65,42.38937,-72.51886
66,42.38935,-72.51894
67,42.38918,-72.53247
68,42.38896,-72.51765
69,42.38881,-72.51749
70,42.38918,-72.53231
71,42.38783,-72.52391
72,42.38766,-72.5235
73,42.38715,-72.5264
74,42.38623,-72.53123
75,42.38547,-72.52467
76,42.38655,-72.5312
77,42.384961,-72.52828
78,42.384693,-72.528417
79,42.38368,-72.51848
80,42.38347,-72.51882
81,42.38305,-72.52048
82,42.382884,-72.52056
83,42.38236,-72.53225
84,42.38228,-72.53216
85,42.38222,-72.5191
86,42.38201,-72.531849
87,42.382781,-72.53178
89,42.38154,-72.53391
90,42.38149,-72.53385
91,42.37996,-72.53398
92,42.37989,-72.5341
93,42.37959,-72.519716
94,42.37976,-72.5195
95,42.37789,-72.52
96,42.377803,-72.51983
97,42.37763,-72.53415
98,42.37753,-72.53261
99,42.37638,-72.48632
100,42.37431,-72.70185
101,42.37423,-72.70185
102,42.37619,-72.50126
103,42.3759,-72.52129
104,42.37596,-72.51128
105,42.37588,-72.51655
106,42.37583,-72.51192
107,42.37573,-72.52392
108,42.37582,-72.50724
109,42.37571,-72.5074
110,42.37561,-72.51934
111,42.37585,-72.48119
112,42.37458,-72.519758
113,42.374455,-72.519946
114,42.37407,-72.53156
115,42.37629,-72.50142
116,42.373071,-72.51882
117,42.37165,-72.4801
118,42.37029,-72.49914
119,42.37019,-72.49907
120,42.3694,-72.50164
121,42.3693,-72.50172
122,42.14099,-72.52602
123,42.36864,-72.533569
124,42.36874,-72.533309
125,42.36778,-72.53481
126,42.36757,-72.4798
127,42.36571,-72.53876
128,42.36537,-72.53549
129,42.36511,-72.48426
130,42.36376,-72.538718
131,42.36334,-72.48854
132,42.36232,-72.52084
133,42.36261,-72.5207
134,42.3629,-72.48877
135,42.36223,-72.48803
136,42.36122,-72.54378
137,42.359992,-72.54673
138,42.35685,-72.48241
139,42.3565,-72.48196
140,42.355901,-72.550129
142,42.35539,-72.552007
143,42.35352,-72.69992
144,42.35466,-72.55722
145,42.35495,-72.52066
146,42.354683,-72.55694
147,42.35421,-72.52194
148,42.35348,-72.4762
150,42.3513,-72.68218
151,42.35165,-72.52678
152,42.35153,-72.52624
153,42.35047,-72.53026
154,42.35072,-72.47017
156,42.35047,-72.47006
157,42.34907,-72.52887
159,42.34708,-72.57262
160,42.347124,-72.57237
161,42.34576,-72.57546
162,42.34598,-72.5748
163,42.34436,-72.68235
164,42.34561,-72.46734
165,42.34551,-72.46713
166,42.3474,-72.52015
167,42.34497,-72.52055
168,42.34378,-72.57947
169,42.34314,-72.58143
170,42.34045,-72.64251
171,42.34236,-72.58867
172,42.34221,-72.58935
173,42.342024,-72.596076
174,42.341961,-72.594427
175,42.34093,-72.601369
176,42.340703,-72.60149
177,42.34023,-72.66019
178,42.339934,-72.60671
179,42.34077,-72.51992
180,42.33948,-72.66048
182,42.33933,-72.66048
183,42.339701,-72.607029
184,42.34032,-72.52018
189,42.33829,-72.64878
190,42.33667,-72.66116
191,42.33759,-72.66108
192,42.33728,-72.67055
194,42.33712,-72.6427
197,42.33853,-72.45743
198,42.33826,-72.45748
199,42.33638,-72.6613
200,42.33652,-72.66112
201,42.33599,-72.67201
202,42.33581,-72.64358
203,42.33563,-72.67216
204,42.33551,-72.67237
207,42.33502,-72.66759
208,42.33486,-72.67205
209,42.33481,-72.66858
210,42.33466,-72.66377
211,42.33498,-72.6636
212,42.33409,-72.64355
213,42.334,-72.64311
214,42.33379,-72.63997
215,42.33375,-72.63983
216,42.33351,-72.63648
218,42.33345,-72.63617
219,42.332932,-72.621559
220,42.33221,-72.67211
221,42.33316,-72.52347
222,42.33298,-72.52361
223,42.33167,-72.65318
224,42.3315,-72.65321
225,42.33116,-72.67645
226,42.33013,-72.67513
227,42.32999,-72.67876
228,42.32948,-72.63617
229,42.328932,-72.62426
230,42.32895,-72.624119
231,42.32963,-72.44814
232,42.32953,-72.4482
233,42.32881,-72.63354
234,42.32614,-72.6497
235,42.32519,-72.64939
236,42.32619,-72.53206
237,42.3238,-72.67669
238,42.3217,-72.62715
239,42.32348,-72.63253
240,42.32552,-72.43905
241,42.32536,-72.43846
242,42.32352,-72.63242
243,42.32223,-72.52982
244,42.32163,-72.62706
245,42.32214,-72.52976
246,42.3206,-72.63091
248,42.32191,-72.4281
249,42.31999,-72.63017
250,42.32176,-72.42818
251,42.31962,-72.63755
252,42.319731,-72.63747
254,42.31933,-72.63025
255,42.31995,-72.52949
256,42.31844,-72.63109
257,42.31947,-72.52863
259,42.317951,-72.6275
260,42.31785,-72.63323
261,42.3177,-72.63305
262,42.315012,-72.62525
263,42.31514,-72.63173
264,42.31597,-72.42591
265,42.31593,-72.42583
266,42.31375,-72.62956
267,42.31336,-72.627657
268,42.31324,-72.626889
269,42.31161,-72.42303
270,42.31155,-72.42308
271,42.30482,-72.52829
272,42.3042,-72.52811
273,42.29848,-72.4159
274,42.29847,-72.41604
276,42.29067,-72.40834
277,42.28916,-72.53566
278,42.29031,-72.40811
280,42.2891,-72.53544
283,42.284965,-72.656216
284,42.284953,-72.6561
286,42.28249,-72.55357
287,42.28235,-72.55361
290,42.26336,-72.58248
291,42.27965,-72.40238
292,42.276121,-72.657537
293,42.27591,-72.657847
294,42.2776,-72.40081
296,42.27417,-72.661839
297,42.27403,-72.66193
300,42.2724,-72.66721
302,42.27121,-72.67209
306,42.26992,-72.56603
307,42.26978,-72.56593
308,42.267014,-72.66998
313,42.26587,-72.66934
314,42.265601,-72.66899
317,42.26415,-72.66421
318,42.26399,-72.66396
320,42.26157,-72.5728
323,42.25802,-72.5759
324,42.258003,-72.572995
329,42.257632,-72.575847
333,42.25666,-72.572209
336,42.254254,-72.574107
338,42.254083,-72.576489
345,42.23573,-72.58334
350,42.22068,-72.59087
351,42.22036,-72.59097
353,42.21756,-72.59197
354,42.21611,-72.61932
355,42.21616,-72.59339
356,42.2159,-72.62027
357,42.21611,-72.59331
358,42.21538,-72.5945
359,42.21397,-72.61782
360,42.2134,-72.62079
361,42.21328,-72.62329
362,42.21312,-72.62787
363,42.21304,-72.62031
364,42.21277,-72.62967
365,42.21216,-72.57213
367,42.21092,-72.62292
368,42.21083,-72.62543
369,42.21073,-72.62926
370,42.21085,-72.60826
371,42.21069,-72.60945
372,42.21049,-72.60699
373,42.2102,-72.61965
374,42.21028,-72.60564
376,42.20952,-72.6205
377,42.20961,-72.60582
380,42.20862,-72.61972
381,42.20831,-72.61618
383,42.20851,-72.57368
386,42.207074,-72.646238
387,42.20694,-72.60766
388,42.20704,-72.59589
390,42.20683,-72.61347
391,42.2068,-72.59833
393,42.20653,-72.60939
394,42.2061,-72.60582
398,42.20576,-72.60888
404,42.2054,-72.61081
406,42.2054,-72.60026
408,42.20516,-72.61081
412,42.20474,-72.60984
413,42.2046,-72.59638
414,42.20436,-72.61155
415,42.20428,-72.61797
416,42.2042,-72.61848
417,42.20456,-72.60299
418,42.20493,-72.50985
419,42.20387,-72.61068
422,42.20394,-72.61727
423,42.20352,-72.61929
424,42.2035,-72.61669
425,42.20303,-72.64553
426,42.20313,-72.63101
427,42.20293,-72.64524
428,42.20315,-72.61903
430,42.20289,-72.61165
431,42.2028,-72.61231
432,42.2031,-72.57163
433,42.20265,-72.61494
435,42.2024,-72.61778
436,42.20215,-72.62125
437,42.20228,-72.61745
438,42.20241,-72.60466
439,42.20193,-72.61401
440,42.2022,-72.62089
441,42.20197,-72.63109
443,42.20165,-72.64345
444,42.20193,-72.61052
445,42.20207,-72.60482
446,42.20189,-72.61073
447,42.20167,-72.61332
448,42.20142,-72.623
449,42.20149,-72.61602
450,42.20139,-72.61603
451,42.20112,-72.64166
452,42.20136,-72.61317
453,42.2011,-72.61479
454,42.20166,-72.50898
455,42.20055,-72.61394
456,42.20037,-72.62868
457,42.20052,-72.60804
459,42.20036,-72.6155
460,42.20041,-72.60671
461,42.20016,-72.62587
462,42.20004,-72.60719
463,42.19969,-72.60645
464,42.19944,-72.6281
465,42.19915,-72.60586
466,42.19877,-72.61709
467,42.19926,-72.6287
468,42.19916,-72.63056
470,42.199,-72.64035
471,42.19903,-72.63201
472,42.19899,-72.63366
473,42.19913,-72.61532
474,42.19883,-72.6331
475,42.19901,-72.60797
476,42.19815,-72.63426
477,42.19835,-72.60475
478,42.19856,-72.60514
479,42.19812,-72.61632
481,42.19819,-72.60876
482,42.19776,-72.57367
483,42.19739,-72.60378
484,42.19737,-72.6036
485,42.19673,-72.61906
486,42.19714,-72.57427
488,42.19568,-72.62085
489,42.19531,-72.63406
490,42.19554,-72.62168
491,42.195154,-72.65278
493,42.19538,-72.61165
494,42.19483,-72.62592
495,42.19479,-72.62686
497,42.19474,-72.6242
499,42.19428,-72.64718
500,42.19386,-72.62993
501,42.19367,-72.60011
503,42.19312,-72.6367
504,42.19274,-72.62967
505,42.19212,-72.64834
506,42.19278,-72.57622
507,42.1927,-72.57592
508,42.19216,-72.61493
509,42.19118,-72.65246
510,42.19157,-72.6011
512,42.19095,-72.63999
513,42.19102,-72.62965
514,42.19036,-72.61752
516,42.19015,-72.61856
518,42.19015,-72.60273
519,42.18962,-72.64329
520,42.18922,-72.64979
521,42.18935,-72.62185
523,42.1893,-72.57758
524,42.1884,-72.60538
525,42.18778,-72.64763
527,42.18769,-72.62424
528,42.18715,-72.63004
529,42.18708,-72.63215
530,42.18706,-72.60763
531,42.18704,-72.57765
533,42.1863,-72.65057
534,42.18677,-72.57734
535,42.185244,-72.65006
537,42.18565,-72.57763
538,42.18479,-72.60981
539,42.18465,-72.61114
541,42.18382,-72.63689
542,42.18355,-72.648807
544,42.18345,-72.637
545,42.18374,-72.61052
546,42.18345,-72.63291
549,42.18276,-72.60993
550,42.18271,-72.61026
551,42.18167,-72.63854
552,42.18142,-72.61545
553,42.18129,-72.61577
554,42.180633,-72.648746
555,42.180412,-72.64863
556,42.18024,-72.63966
557,42.18001,-72.63967
558,42.17983,-72.61762
559,42.17971,-72.61291
560,42.18003,-72.61749
561,42.17844,-72.69061
562,42.17831,-72.69087
563,42.17898,-72.61338
564,42.17846,-72.63672
565,42.17843,-72.63987
566,42.17813,-72.6364
567,42.17819,-72.62971
568,42.17826,-72.61387
569,42.17795,-72.62016
572,42.17708,-72.62105
573,42.17651,-72.63025
574,42.1764,-72.60071
575,42.17594,-72.61453
576,42.17574,-72.61468
577,42.1758,-72.60049
578,42.1755,-72.62164
580,42.17476,-72.63663
581,42.17462,-72.63656
582,42.17471,-72.62208
583,42.17269,-72.64045
584,42.174004,-72.647828
585,42.17427,-72.57859
586,42.17419,-72.5995
587,42.17416,-72.59937
588,42.17441,-72.57533
590,42.17362,-72.63126
593,42.17456,-72.62206
594,42.17189,-72.63174
595,42.17225,-72.58648
596,42.17225,-72.61463
597,42.17199,-72.58657
598,42.17166,-72.62332
600,42.1707,-72.57723
603,42.17074,-72.62383
604,42.17113,-72.5774
605,42.17099,-72.61446
606,42.17067,-72.5968
608,42.16942,-72.59486
609,42.16926,-72.64057
610,42.16865,-72.62367
611,42.16803,-72.62368
612,42.16754,-72.59259
613,42.16797,-72.61506
614,42.16793,-72.61477
615,42.16785,-72.61616
616,42.16906,-72.48184
617,42.16774,-72.61665
618,42.16769,-72.61797
619,42.16762,-72.61798
620,42.16741,-72.62085
621,42.16725,-72.62175
623,42.16767,-72.5783
626,42.16591,-72.63359
628,42.1659,-72.59087
629,42.16585,-72.57944
630,42.16539,-72.58397
631,42.16501,-72.62126
632,42.16529,-72.59012
634,42.16483,-72.6209
635,42.16411,-72.5889
636,42.16396,-72.58891
637,42.16364,-72.64008
638,42.16355,-72.63996
639,42.16321,-72.61885
640,42.16215,-72.63318
641,42.16209,-72.61701
642,42.16215,-72.6169
643,42.16183,-72.63299
645,42.16171,-72.58191
646,42.16087,-72.61455
647,42.16085,-72.61473
648,42.16114,-72.58179
650,42.161,-72.58292
651,42.16086,-72.58273
653,42.1594,-72.63437
654,42.15931,-72.63451
656,42.15862,-72.6332
659,42.15968,-72.5026
661,42.15951,-72.5009
662,42.15942,-72.50095
663,42.15856,-72.58471
664,42.15856,-72.58059
665,42.15932,-72.49876
666,42.15847,-72.58463
667,42.15847,-72.58056
668,42.15919,-72.49847
669,42.15909,-72.50329
670,42.15919,-72.49696
673,42.15794,-72.58033
675,42.15854,-72.49461
676,42.15726,-72.61222
678,42.15778,-72.49135
679,42.15703,-72.58523
680,42.15783,-72.49193
681,42.15696,-72.58514
682,42.15739,-72.61205
683,42.15722,-72.50812
684,42.15715,-72.50879
685,42.15703,-72.50638
686,42.15698,-72.50631
687,42.15616,-72.58089
688,42.15699,-72.4898
689,42.15684,-72.50399
691,42.15691,-72.48992
692,42.15608,-72.58072
693,42.15675,-72.50402
694,42.15659,-72.51107
695,42.15747,-72.48106
696,42.15632,-72.51109
697,42.15538,-72.58547
698,42.15606,-72.48803
699,42.15599,-72.48817
701,42.15503,-72.51227
702,42.15414,-72.58049
703,42.15398,-72.5846
704,42.15449,-72.51299
705,42.1528,-72.631
706,42.15333,-72.58052
707,42.15263,-72.63071
708,42.1537,-72.51343
709,42.15283,-72.58035
711,42.15134,-72.63046
712,42.15179,-72.50635
713,42.15176,-72.50619
714,42.1507,-72.58541
715,42.15062,-72.58533
716,42.15091,-72.51606
719,42.15039,-72.50812
720,42.14954,-72.57999
722,42.15005,-72.51708
725,42.14919,-72.57984
726,42.14905,-72.58746
727,42.14885,-72.60686
728,42.14975,-72.50856
729,42.14849,-72.63073
730,42.14934,-72.51751
731,42.14844,-72.60888
732,42.14814,-72.63042
733,42.14821,-72.60346
735,42.14814,-72.59865
736,42.14881,-72.5182
737,42.1483,-72.60692
738,42.14809,-72.59478
739,42.14807,-72.59188
746,42.14683,-72.60724
747,42.14649,-72.60504
748,42.14699,-72.57965
749,42.14697,-72.57978
750,42.14743,-72.51924
751,42.14649,-72.62969
752,42.14648,-72.60517
753,42.14707,-72.51981
756,42.14563,-72.6089
757,42.14626,-72.52032
759,42.14519,-72.62918
761,42.14486,-72.60882
765,42.14519,-72.52154
766,42.14446,-72.6034
767,42.14671,-72.54376
768,42.14429,-72.60348
770,42.14376,-72.62851
771,42.14352,-72.62815
773,42.14364,-72.61012
774,42.14421,-72.54453
775,42.14368,-72.58037
776,42.14366,-72.5805
778,42.14363,-72.54362
779,42.14327,-72.60298
781,42.14353,-72.61002
784,42.14311,-72.53288
786,42.14305,-72.55403
788,42.14288,-72.55406
789,42.14241,-72.60271
790,42.14217,-72.58096
791,42.14244,-72.5236
792,42.14211,-72.55584
794,42.14206,-72.55564
795,42.14206,-72.54344
796,42.14192,-72.52362
797,42.14204,-72.49186
798,42.14095,-72.58146
799,42.14075,-72.60234
802,42.14113,-72.55771
803,42.14113,-72.54287
805,42.14045,-72.60214
806,42.14104,-72.48511
807,42.14022,-72.58195
811,42.14073,-72.49992
812,42.1401,-72.55971
814,42.13968,-72.60192
817,42.1396,-72.56038
818,42.13938,-72.60195
819,42.1389,-72.62642
823,42.14005,-72.5033
825,42.13962,-72.50551
826,42.13947,-72.52498
827,42.13836,-72.62592
828,42.13936,-72.52534
829,42.13951,-72.5053
830,42.13877,-72.5829
832,42.1388,-72.56214
835,42.13865,-72.56228
838,42.13909,-72.49599
840,42.13885,-72.50977
841,42.13867,-72.50897
842,42.13794,-72.57904
844,42.13775,-72.60141
845,42.13772,-72.6015
846,42.13748,-72.61272
847,42.13845,-72.49583
848,42.13765,-72.58206
849,42.13728,-72.61289
850,42.13793,-72.54524
851,42.13788,-72.51311
852,42.13779,-72.51447
854,42.1375,-72.56446
855,42.13764,-72.51431
856,42.13695,-72.56578
858,42.1372,-72.51758
859,42.13709,-72.5277
860,42.13705,-72.51766
861,42.137,-72.52807
863,42.13666,-72.56607
866,42.13663,-72.50682
867,42.13638,-72.52872
868,42.13527,-72.56871
869,42.13522,-72.5236
870,42.13519,-72.6008
871,42.13586,-72.52228
872,42.13542,-72.56874
873,42.13513,-72.60071
874,42.13552,-72.53008
875,42.13564,-72.5296
876,42.13563,-72.49591
879,42.13503,-72.56917
881,42.13433,-72.62592
883,42.13514,-72.5304
885,42.13427,-72.57088
886,42.13456,-72.52426
887,42.13411,-72.52501
888,42.13362,-72.60046
889,42.13446,-72.49572
890,42.13378,-72.57113
891,42.13291,-72.62574
892,42.13327,-72.58475
893,42.13308,-72.60024
894,42.13386,-72.49587
896,42.13343,-72.53314
897,42.13072,-72.79666
898,42.13275,-72.61307
899,42.1325,-72.61318
901,42.13366,-72.53257
902,42.13262,-72.57319
903,42.13275,-72.54186
904,42.13263,-72.54234
905,42.13261,-72.54361
906,42.13234,-72.57339
907,42.13221,-72.5846
908,42.13256,-72.54047
909,42.13242,-72.54458
910,42.13254,-72.54018
911,42.1327,-72.49585
914,42.12955,-72.73219
915,42.13165,-72.5747
916,42.13141,-72.60033
917,42.13172,-72.54947
918,42.13121,-72.60022
919,42.12982,-72.73243
920,42.13152,-72.57467
921,42.13207,-72.49569
922,42.13153,-72.55061
924,42.13165,-72.53727
925,42.13156,-72.53724
926,42.13042,-72.62254
927,42.1304,-72.61265
929,42.12896,-72.79299
930,42.13072,-72.62416
931,42.13119,-72.53463
932,42.13076,-72.61297
933,42.12901,-72.73141
934,42.13112,-72.53448
936,42.13063,-72.57654
937,42.1284,-72.78461
938,42.13093,-72.52669
939,42.12889,-72.73106
940,42.13084,-72.52703
941,42.13041,-72.57673
942,42.13067,-72.55402
943,42.12706,-72.78729
944,42.13078,-72.55406
946,42.12998,-72.4958
947,42.12924,-72.58449
948,42.12921,-72.57922
949,42.12904,-72.62642
950,42.129,-72.57934
953,42.1282,-72.62685
954,42.12904,-72.55686
955,42.1284,-72.60052
956,42.12891,-72.52941
957,42.12815,-72.60043
958,42.12814,-72.58084
959,42.12732,-72.61127
960,42.12779,-72.58454
961,42.12819,-72.53004
962,42.12768,-72.53089
964,42.12776,-72.4962
965,42.12764,-72.61145
966,42.12756,-72.49611
967,42.1277,-72.61161
968,42.12661,-72.58301
969,42.12708,-72.53145
970,42.12629,-72.60111
972,42.12639,-72.58308
973,42.12606,-72.60121
974,42.12633,-72.53267
975,42.12621,-72.5332
976,42.12577,-72.58435
977,42.12596,-72.55884
978,42.12635,-72.61109
979,42.12644,-72.61088
980,42.12562,-72.58421
981,42.12568,-72.5589
982,42.12561,-72.53413
983,42.12337,-72.77663
984,42.12505,-72.58465
985,42.12485,-72.58442
986,42.1248,-72.58515
989,42.12517,-72.53595
990,42.12505,-72.53591
991,42.12525,-72.49676
992,42.12397,-72.62669
993,42.11961,-72.76526
994,42.12402,-72.61009
995,42.12462,-72.53821
996,42.1249,-72.49701
997,42.12449,-72.55951
998,42.12374,-72.62689
999,42.1245,-72.5382
1000,42.12372,-72.61744
1001,42.124,-72.56001
1002,42.12371,-72.60392
1003,42.12364,-72.5866
1005,42.12362,-72.58426
1006,42.12347,-72.6039
1007,42.12317,-72.60974
1008,42.1235,-72.5866
1009,42.12182,-72.56157
1012,42.12325,-72.54214
1013,42.12294,-72.58434
1014,42.12308,-72.60953
1015,42.12362,-72.54095
1017,42.12239,-72.61673
1018,42.12199,-72.62742
1020,42.12324,-72.49747
1022,42.12236,-72.58805
1023,42.1222,-72.58845
1024,42.12197,-72.61661
1026,42.12047,-72.74544
1027,42.12034,-72.75282
1029,42.12282,-72.54267
1030,42.12262,-72.4975
1031,42.12175,-72.58418
1032,42.12144,-72.62734
1033,42.11995,-72.75615
1035,42.12177,-72.56179
1036,42.12284,-72.56069
1037,42.1217,-72.54934
1038,42.12219,-72.49777
1039,42.12109,-72.61601
1040,42.12196,-72.54412
1041,42.11968,-72.74328
1042,42.12123,-72.59001
1043,42.12112,-72.59053
1044,42.11935,-72.75934
1046,42.11922,-72.75928
1049,42.12036,-72.62749
1051,42.12054,-72.60524
1052,42.12036,-72.61574
1053,42.12034,-72.60498
1054,42.12117,-72.54484
1056,42.11918,-72.74029
1058,42.12131,-72.49789
1061,42.12069,-72.54548
1062,42.12034,-72.61561
1063,42.12024,-72.59248
1064,42.12012,-72.59247
1065,42.12007,-72.56342
1066,42.11991,-72.6082
1067,42.11968,-72.62743
1068,42.11963,-72.60824
1069,42.11818,-72.73692
1070,42.12029,-72.56311
1075,42.11996,-72.54588
1077,42.1193,-72.60458
1078,42.12026,-72.49838
1079,42.11967,-72.54633
1080,42.11869,-72.62767
1081,42.11897,-72.60405
1083,42.11877,-72.61488
1084,42.11942,-72.54821
1089,42.1185,-72.62756
1091,42.11868,-72.61472
1093,42.11859,-72.60781
1097,42.11849,-72.60761
1100,42.11927,-72.49855
1101,42.11868,-72.54695
1103,42.11808,-72.59492
1104,42.11796,-72.6031
1105,42.11806,-72.5948
1106,42.11837,-72.56499
1107,42.11774,-72.54821
1109,42.11796,-72.60291
1110,42.1178,-72.61447
1112,42.11769,-72.61628
1113,42.11761,-72.61623
1114,42.11785,-72.56563
1117,42.11747,-72.6178
1119,42.11722,-72.62777
1120,42.11728,-72.61774
1121,42.11791,-72.54546
1125,42.11771,-72.51688
1126,42.11741,-72.54831
1127,42.11679,-72.60701
1128,42.11681,-72.60688
1130,42.11664,-72.62741
1131,42.11765,-72.51273
1132,42.1176,-72.51458
1133,42.11763,-72.51055
1134,42.11756,-72.51237
1135,42.11758,-72.50783
1136,42.11755,-72.51081
1137,42.11677,-72.59513
1139,42.11676,-72.58475
1140,42.11751,-72.50845
1142,42.11753,-72.50436
1143,42.11666,-72.5953
1144,42.11655,-72.60129
1145,42.11742,-72.50443
1147,42.11688,-72.54912
1149,42.1166,-72.58489
1151,42.11634,-72.56703
1152,42.11598,-72.61778
1153,42.1144,-72.72752
1156,42.11694,-72.49896
1157,42.11587,-72.60659
1158,42.11578,-72.61759
1161,42.11621,-72.59344
1162,42.11663,-72.52107
1167,42.11642,-72.52168
1168,42.11623,-72.56701
1176,42.11557,-72.55175
1177,42.11602,-72.52507
1178,42.11613,-72.50035
1179,42.11518,-72.61262
1181,42.11506,-72.61273
1183,42.11584,-72.52518
1184,42.11592,-72.50025
1185,42.11509,-72.59936
1186,42.11583,-72.49866
1187,42.11494,-72.60624
1193,42.11491,-72.61455
1194,42.1153,-72.55216
1195,42.11463,-72.61642
1197,42.11483,-72.59581
1200,42.11453,-72.60592
1201,42.11494,-72.55369
1203,42.11584,-72.59537
1205,42.11421,-72.62529
1206,42.11494,-72.52802
1207,42.1147,-72.55399
1208,42.11517,-72.60279
1209,42.11396,-72.62533
1210,42.11487,-72.52797
1211,42.11423,-72.56896
1213,42.11447,-72.56863
1214,42.1139,-72.61082
1216,42.11464,-72.52989
1220,42.11375,-72.61084
1221,42.11428,-72.55573
1222,42.11391,-72.59652
1225,42.11387,-72.59641
1228,42.11436,-72.53101
1232,42.11366,-72.59744
1233,42.11355,-72.60545
1234,42.11422,-72.53282
1235,42.11357,-72.60132
1236,42.11413,-72.53287
1239,42.11222,-72.72394
1240,42.11406,-72.53501
1242,42.11398,-72.53452
1246,42.11378,-72.53847
1249,42.11369,-72.53839
1253,42.11335,-72.55875
1254,42.11168,-72.71181
1255,42.1132,-72.54275
1257,42.11272,-72.6101
1258,42.11076,-72.70993
1259,42.11313,-72.55033
1260,42.11256,-72.6099
1261,42.11315,-72.54917
1263,42.11379,-72.55682
1264,42.113,-72.55067
1265,42.11306,-72.54307
1266,42.11279,-72.57027
1267,42.11241,-72.60449
1268,42.1127,-72.58013
1269,42.11294,-72.57003
1270,42.11245,-72.59849
1271,42.11284,-72.55232
1273,42.11271,-72.5607
1274,42.11231,-72.5985
1275,42.11282,-72.54463
1276,42.1128,-72.54619
1277,42.11209,-72.62502
1278,42.11273,-72.55255
1280,42.1122,-72.59975
1281,42.11256,-72.5607
1283,42.11248,-72.55433
1284,42.11247,-72.55504
1285,42.11171,-72.62492
1287,42.11206,-72.59575
1288,42.11193,-72.58308
1290,42.11127,-72.59862
1292,42.1122,-72.55633
1296,42.11122,-72.60284
1297,42.11198,-72.55845
1299,42.11212,-72.56204
1300,42.1119,-72.5585
1301,42.11145,-72.59966
1302,42.11174,-72.5602
1304,42.11158,-72.5761
1306,42.1116,-72.58334
1307,42.11157,-72.57623
1309,42.11136,-72.56497
1311,42.1114,-72.56276
1314,42.11174,-72.5632
1315,42.11122,-72.56323
1316,42.11069,-72.60346
1317,42.11058,-72.6113
1319,42.11057,-72.60351
1320,42.11021,-72.58515
1321,42.11056,-72.58493
1322,42.11036,-72.61127
1323,42.11069,-72.56725
1325,42.11054,-72.57499
1326,42.11073,-72.57531
1327,42.11048,-72.5671
1328,42.11022,-72.56968
1329,42.10983,-72.62482
1330,42.1102,-72.57358
1331,42.11014,-72.57384
1332,42.11009,-72.56951
1334,42.10975,-72.601
1335,42.10978,-72.60144
1336,42.10954,-72.62434
1338,42.10963,-72.56884
1339,42.10973,-72.57165
1340,42.1096,-72.57335
1341,42.10948,-72.57312
1345,42.10776,-72.70348
1346,42.10893,-72.58667
1347,42.11055,-72.71
1350,42.10887,-72.57544
1351,42.10894,-72.56882
1352,42.10744,-72.70816
1353,42.10743,-72.68863
1354,42.10844,-72.58738
1355,42.10801,-72.62375
1356,42.10746,-72.68748
1357,42.10824,-72.58747
1358,42.10836,-72.57604
1359,42.10837,-72.55224
1360,42.10851,-72.54942
1361,42.10829,-72.55249
1363,42.10809,-72.55535
1365,42.10798,-72.55466
1366,42.10797,-72.55828
1367,42.10703,-72.64836
1369,42.10793,-72.55705
1371,42.10722,-72.62269
1372,42.10769,-72.56846
1374,42.10689,-72.64867
1375,42.10769,-72.55752
1376,42.1068,-72.65021
1377,42.1076,-72.57665
1378,42.10681,-72.64542
1379,42.1069,-72.62371
1380,42.10681,-72.62294
1381,42.10734,-72.5761
1382,42.10655,-72.65092
1383,42.1066,-72.64511
1385,42.10642,-72.65256
1386,42.1072,-72.55827
1387,42.1072,-72.57877
1388,42.10625,-72.65276
1390,42.10648,-72.61896
1391,42.10648,-72.61645
1392,42.1063,-72.62512
1395,42.10654,-72.58949
1396,42.10612,-72.61786
1398,42.10647,-72.58975
1399,42.10623,-72.61592
1400,42.10679,-72.55135
1401,42.10652,-72.57505
1402,42.10652,-72.56822
1403,42.1058,-72.64291
1404,42.10593,-72.62674
1405,42.10647,-72.57483
1406,42.10585,-72.64274
1407,42.1056,-72.65941
1408,42.10556,-72.65803
1409,42.10596,-72.62005
1411,42.10583,-72.62665
1412,42.10543,-72.661
1413,42.10581,-72.58064
1414,42.10542,-72.65678
1416,42.10599,-72.59146
1417,42.10634,-72.55824
1418,42.10567,-72.57379
1419,42.10587,-72.56821
1421,42.10591,-72.55837
1423,42.10576,-72.57376
1424,42.10581,-72.55977
1426,42.10574,-72.55986
1427,42.10497,-72.64105
1428,42.10514,-72.6198
1429,42.10564,-72.56125
1431,42.10469,-72.66346
1432,42.10491,-72.62983
1433,42.10452,-72.66484
1434,42.10555,-72.56135
1436,42.10441,-72.67254
1437,42.10485,-72.61409
1438,42.10468,-72.64072
1439,42.10433,-72.67537
1440,42.10541,-72.56326
1441,42.10441,-72.66973
1442,42.10487,-72.62962
1443,42.1049,-72.61393
1444,42.10419,-72.67617
1445,42.10514,-72.58203
1446,42.10526,-72.56454
1447,42.10422,-72.66966
1448,42.10422,-72.66676
1449,42.10517,-72.56457
1451,42.10491,-72.56753
1452,42.10482,-72.56761
1453,42.10401,-72.63368
1454,42.10468,-72.58241
1455,42.1048,-72.57236
1456,42.10373,-72.63453
1457,42.10409,-72.58905
1458,42.10357,-72.63614
1463,42.10374,-72.61243
1464,42.10366,-72.61209
1466,42.10389,-72.59267
1467,42.10368,-72.59263
1470,42.10428,-72.57175
1474,42.10327,-72.5918
1475,42.10322,-72.58952
1476,42.10285,-72.61097
1477,42.10268,-72.61043
1478,42.10355,-72.57044
1479,42.10283,-72.58502
1480,42.10263,-72.56925
1481,42.10248,-72.59003
1483,42.10053,-72.56619
1484,42.102,-72.60908
1487,42.10202,-72.58247
1488,42.1018,-72.60883
1492,42.10157,-72.56772
1494,42.1016,-72.58186
1495,42.10149,-72.58826
1496,42.10169,-72.56772
1498,42.10138,-72.58136
1499,42.10101,-72.56672
1500,42.10028,-72.60563
1501,42.10041,-72.60605
1503,42.10037,-72.58609
1504,42.10005,-72.57967
1505,42.10017,-72.58599
1506,42.09998,-72.57923
1507,42.0999,-72.56508
1508,42.09978,-72.57633
1509,42.0992,-72.63434
1511,42.09965,-72.57647
1512,42.09964,-72.57506
1513,42.09883,-72.63497
1514,42.09958,-72.57469
1515,42.0992,-72.60391
1516,42.09943,-72.58471
1518,42.09872,-72.63545
1520,42.09908,-72.57318
1521,42.09923,-72.57336
1522,42.0984,-72.63271
1524,42.09841,-72.60275
1528,42.09845,-72.60304
1529,42.0983,-72.58348
1530,42.09859,-72.58359
1531,42.09831,-72.5707
1532,42.09827,-72.56402
1534,42.09783,-72.60216
1537,42.09801,-72.56945
1538,42.09803,-72.56978
1539,42.09723,-72.63532
1540,42.09701,-72.63222
1542,42.0975,-72.58276
1543,42.09694,-72.63212
1544,42.09694,-72.59929
1545,42.09708,-72.58221
1546,42.09716,-72.56659
1547,42.0972,-72.56422
1548,42.0968,-72.59922
1549,42.09712,-72.56661
1551,42.09687,-72.56552
1552,42.09629,-72.60685
1554,42.09663,-72.56203
1555,42.09655,-72.56229
1557,42.09583,-72.63198
1559,42.09555,-72.63391
1560,42.096,-72.56079
1561,42.09611,-72.56081
1562,42.09593,-72.58174
1565,42.09564,-72.5815
1566,42.09627,-72.50298
1567,42.09621,-72.5
1570,42.09607,-72.5045
1571,42.09549,-72.60508
1573,42.09453,-72.6346
1576,42.09443,-72.61465
1577,42.09561,-72.50899
1578,42.09449,-72.61394
1579,42.09419,-72.63509
1580,42.09413,-72.63132
1581,42.0947,-72.55905
1582,42.09446,-72.5811
1584,42.09468,-72.55882
1585,42.0943,-72.58118
1586,42.09396,-72.61608
1587,42.09389,-72.61582
1588,42.09483,-72.51004
1589,42.09476,-72.5096
1591,42.0947,-72.51375
1593,42.09466,-72.51462
1594,42.09432,-72.50826
1595,42.09334,-72.61808
1597,42.0943,-72.50842
1599,42.09323,-72.61798
1600,42.0936,-72.58079
1601,42.09304,-72.63093
1602,42.09368,-72.57159
1603,42.09368,-72.5537
1604,42.09372,-72.55391
1606,42.09305,-72.61931
1608,42.09359,-72.55281
1609,42.09351,-72.55204
1610,42.0934,-72.55545
1612,42.0938,-72.50589
1613,42.09368,-72.55743
1614,42.0933,-72.56921
1615,42.09349,-72.56913
1616,42.09333,-72.55715
1617,42.09333,-72.55641
1619,42.09372,-72.5059
1620,42.09265,-72.62123
1621,42.09325,-72.55642
1622,42.09336,-72.52217
1623,42.09283,-72.57452
1624,42.09297,-72.55861
1625,42.09292,-72.55852
1627,42.09271,-72.57062
1628,42.09275,-72.56749
1629,42.09217,-72.57511
1630,42.09268,-72.56036
1631,42.09187,-72.63711
1632,42.09266,-72.56659
1633,42.093,-72.52077
1635,42.09254,-72.57119
1636,42.09262,-72.5603
1640,42.09243,-72.56199
1641,42.09234,-72.56211
1642,42.09226,-72.56487
1643,42.09173,-72.62358
1644,42.09262,-72.52493
1646,42.09218,-72.56498
1648,42.09186,-72.62364
1649,42.09253,-72.52259
1650,42.09199,-72.56799
1651,42.09186,-72.56775
1652,42.09201,-72.58028
1653,42.09189,-72.57246
1654,42.09225,-72.52676
1655,42.09172,-72.57972
1656,42.09179,-72.57538
1657,42.09131,-72.62483
1658,42.09192,-72.55505
1659,42.09172,-72.57255
1660,42.09207,-72.52768
1661,42.09385,-72.50063
1662,42.09129,-72.49893
1663,42.09185,-72.52526
1664,42.09178,-72.52919
1665,42.09135,-72.5735
1666,42.09066,-72.63802
1667,42.09122,-72.57351
1668,42.09115,-72.554
1669,42.09035,-72.6295
1670,42.09068,-72.57721
1671,42.09074,-72.57778
1672,42.09104,-72.53309
1673,42.0909,-72.55379
1674,42.09078,-72.56675
1675,42.09107,-72.53025
1676,42.09068,-72.56635
1678,42.09071,-72.53407
1679,42.08955,-72.63869
1680,42.08947,-72.63882
1681,42.09016,-72.5651
1682,42.09039,-72.53664
1683,42.09008,-72.56525
1684,42.09014,-72.55276
1685,42.09012,-72.55259
1686,42.09004,-72.53759
1687,42.08969,-72.57542
1688,42.08963,-72.57561
1689,42.08971,-72.56328
1690,42.08996,-72.53886
1691,42.08971,-72.53932
1692,42.0894,-72.57682
1694,42.08955,-72.54092
1695,42.08905,-72.57382
1696,42.08925,-72.56208
1697,42.08939,-72.54109
1698,42.08919,-72.57366
1699,42.08902,-72.57643
1700,42.08878,-72.5718
1701,42.08885,-72.55084
1702,42.0889,-72.54425
1703,42.08859,-72.57127
1704,42.08874,-72.55083
1705,42.08842,-72.57626
1706,42.08866,-72.54477
1707,42.08841,-72.56036
1708,42.08824,-72.5759
1709,42.08832,-72.56008
1710,42.08809,-72.56863
1711,42.08817,-72.56852
1712,42.08824,-72.54767
1713,42.08718,-72.64083
1715,42.08796,-72.54919
1716,42.08791,-72.54859
1717,42.08746,-72.56522
1718,42.08745,-72.56461
1719,42.08747,-72.55916
1720,42.08729,-72.55879
1721,42.08739,-72.54898
1722,42.08734,-72.55236
1723,42.08734,-72.54878
1725,42.08717,-72.55244
1726,42.08698,-72.55423
1727,42.08697,-72.562
1728,42.08665,-72.57515
1729,42.08663,-72.5749
1730,42.08667,-72.56102
1733,42.08665,-72.55509
1734,42.08709,-72.50285
1735,42.08644,-72.55805
1736,42.08682,-72.55828
1737,42.08636,-72.55928
1738,42.08636,-72.55752
1739,42.08542,-72.64302
1740,42.08625,-72.54728
1741,42.08599,-72.55718
1743,42.08512,-72.64328
1744,42.08641,-72.50481
1745,42.08632,-72.50427
1746,42.08587,-72.55747
1747,42.08588,-72.55594
1748,42.0858,-72.54682
1749,42.08567,-72.56092
1750,42.08559,-72.55498
1751,42.08553,-72.56074
1752,42.08562,-72.54637
1753,42.08529,-72.55273
1754,42.08516,-72.56281
1755,42.08521,-72.55306
1756,42.0851,-72.56387
1757,42.08511,-72.55168
1758,42.08484,-72.56517
1759,42.08398,-72.64484
1760,42.08487,-72.55644
1761,42.08486,-72.55102
1762,42.08483,-72.55624
1763,42.08491,-72.55057
1764,42.08449,-72.57428
1765,42.08457,-72.56582
1766,42.08443,-72.56728
1767,42.08357,-72.64523
1768,42.08442,-72.54795
1769,42.08432,-72.54811
1770,42.08393,-72.56915
1771,42.08402,-72.54434
1772,42.08398,-72.54412
1773,42.08376,-72.55518
1774,42.08351,-72.572
1775,42.08376,-72.54444
1776,42.08347,-72.57141
1777,42.08369,-72.54466
1778,42.08361,-72.55517
1779,42.08337,-72.57369
1780,42.08315,-72.57313
1782,42.0823,-72.64694
1783,42.08202,-72.64717
1785,42.08243,-72.54218
1786,42.0823,-72.55477
1787,42.08114,-72.64845
1788,42.08197,-72.5546
1789,42.08227,-72.5417
1790,42.08085,-72.64865
1791,42.08181,-72.5407
1792,42.08018,-72.64969
1793,42.08118,-72.54001
1794,42.08103,-72.53929
1795,42.08104,-72.5399
1796,42.07999,-72.6498
1797,42.08057,-72.53798
1798,42.08022,-72.53693
1799,42.07997,-72.55428
1800,42.08009,-72.53491
1801,42.0789,-72.65137
1802,42.07984,-72.53372
1803,42.07968,-72.55435
1804,42.07868,-72.65151
1805,42.07981,-72.52742
1806,42.07888,-72.61933
1807,42.07945,-72.53185
1808,42.07928,-72.53161
1809,42.0779,-72.65266
1810,42.0786,-72.53962
1811,42.0779,-72.55395
1812,42.07781,-72.52715
1813,42.07748,-72.554
1814,42.07746,-72.53911
1815,42.07639,-72.6545
1816,42.07741,-72.53919
1818,42.07609,-72.65502
1819,42.07697,-72.55375
1820,42.07522,-72.65616
1821,42.07471,-72.65667
1824,42.07414,-72.65741
1825,42.07499,-72.53884
1826,42.07493,-72.53873
1829,42.07296,-72.65911
1831,42.07283,-72.61466
1832,42.07326,-72.53859
1833,42.07221,-72.61484
1834,42.07328,-72.5385
1837,42.07066,-72.6785
1838,42.07082,-72.53813
1841,42.07032,-72.53786
1842,42.06877,-72.66709
1844,42.06838,-72.67009
1845,42.06918,-72.55484
1846,42.06836,-72.61548
1847,42.06813,-72.61565
1849,42.06729,-72.67517
1850,42.06732,-72.67459
1851,42.0684,-72.55371
1852,42.06703,-72.67732
1853,42.0669,-72.67808
1856,42.06762,-72.53857
1857,42.06714,-72.53895
1858,42.06703,-72.55232
1859,42.06473,-72.57924
1862,42.06402,-72.55158
1863,42.06239,-72.69242
1867,42.06236,-72.57925
1871,42.0599,-72.57987
1873,42.05919,-72.66026
1875,42.05786,-72.58048
1876,42.05705,-72.58101
1877,42.05675,-72.58092
1878,42.05548,-72.58167
1879,42.05441,-72.65867
1880,42.05491,-72.58163
1882,42.05414,-72.53358
1883,42.05401,-72.58212
1884,42.0505,-72.53241
1886,42.05065,-72.58302
1887,42.05015,-72.58294
1889,42.04536,-72.58401
1890,42.04416,-72.5842
1892,42.04182,-72.58427
1893,42.03926,-72.5842
1894,42.03976,-72.584
1896,42.03149,-72.58196
1897,42.03297,-72.58241
1898,42.03283,-72.58219
1899,42.0282,-72.58147
1900,42.02676,-72.58245
1901,42.02657,-72.58249
1902,42.02539,-72.58349
1903,42.02486,-72.58372
1904,42.17588,-72.64842
1905,42.10914,-72.60081
1906,42.1079,-72.59953
1907,42.10779,-72.59908
1908,42.10696,-72.5986
1909,42.10625,-72.59725
1913,42.10815,-72.59355
1914,42.10835,-72.59359
1915,42.10899,-72.59285
1916,42.1099,-72.59382
1917,42.10891,-72.59232
1918,42.10925,-72.59202
1919,42.11081,-72.59228
1920,42.10868,-72.59554
1921,42.10515,-72.59066
1922,42.10482,-72.59158
1997,42.15715,-72.58422
1998,42.1538,-72.58461
2000,42.32613,-72.53029
2001,42.3261,-72.5304
2470,42.32169,-72.53351
2471,42.32178,-72.53346
2780,42.28308,-72.40537
2781,42.28302,-72.40553
4173,42.32038,-72.63448
4371,42.20435,-72.60273
5000,42.065,-72.57624
5001,42.06494,-72.57354
5002,42.06568,-72.56684
5003,42.06554,-72.56682
5004,42.06535,-72.55325
5040,42.25286,-72.5778
5041,42.25087,-72.57904
5042,42.24505,-72.58049
5043,42.23237,-72.58507
5044,42.22873,-72.58704
5053,42.18287,-72.66603
5054,42.17866,-72.68564
5055,42.17935,-72.70632
5057,42.1752,-72.72722
5058,42.16932,-72.72677
5059,42.16225,-72.72634
5060,42.14922,-72.72806
5061,42.14335,-72.73208
5062,42.13585,-72.73933
5063,42.13053,-72.7452
5091,42.13012,-72.74436
5101,42.10613,-72.59442
5102,42.10602,-72.59455
5103,42.1059,-72.59471
5104,42.10586,-72.59488
5105,42.106,-72.59471
5106,42.1061,-72.59458
5107,42.10617,-72.5945
5108,42.1062,-72.5948
5109,42.10593,-72.59512
5110,42.10581,-72.59528
5111,42.10567,-72.59546
5112,42.10658,-72.5946
5113,42.10671,-72.59479
5114,42.10683,-72.59496
5115,42.10663,-72.59502
5116,42.10655,-72.59486
5117,42.10645,-72.59463
5800,42.17063,-72.63509
5941,42.17215,-72.63183
6001,42.13566,-72.58431
6002,42.1294,-72.5846
6003,42.11419,-72.58593
6004,42.11321,-72.58699
6005,42.11172,-72.5889
6006,42.11023,-72.59077
6007,42.11132,-72.59213
6008,42.04805,-72.52261
6009,42.10298,-72.58739
6010,42.10836,-72.57604
6011,42.10775,-72.56858
6012,42.10496,-72.56628
6013,42.1054,-72.56263
6014,42.10262,-72.56911
6016,42.10368,-72.58685
6017,42.11041,-72.59042
6018,42.11151,-72.58903
6019,42.11287,-72.58734
6020,42.11441,-72.58566
6021,42.11604,-72.58493
6023,42.13366,-72.58467
6024,42.13851,-72.58269
6026,42.10996,-72.57129
6027,42.11476,-72.61662
6028,42.1148,-72.61469
6029,42.10162,-72.58821
6031,42.08722,-72.50244
6032,42.14809,-72.60298
6040,42.0983,-72.56416
6041,42.21457,-72.59327
6042,42.21471,-72.59418
6043,42.13571,-72.58415
6139,42.31778,-72.63181
6187,42.374941,-72.532596
6188,42.375001,-72.532695
6243,42.09095,-72.57653
6247,42.09123,-72.5759
6260,42.31574,-72.6317
6262,42.30289,-72.62202
6263,42.30419,-72.62217
6266,42.269514,-72.67182
6270,42.269611,-72.67179
6281,42.10765,-72.70385
6282,42.14317,-72.54759
6284,42.12768,-72.58175
6285,42.08406,-72.5467
6288,42.08635,-72.5588
6289,42.10334,-72.59227
6290,42.19523,-72.65297
6302,42.14783,-72.5426
6303,42.14828,-72.54151
6304,42.1502,-72.53706
6305,42.14635,-72.52725
6306,42.14261,-72.52565
6307,42.14387,-72.53659
6308,42.14417,-72.5422
6324,42.12434,-72.61007
6330,42.14175,-72.52607
6350,42.14805,-72.59887
6351,42.14801,-72.59508
6352,42.14799,-72.592
6353,42.15248,-72.5844
6354,42.17298,-72.57483
6371,42.09412,-72.51579
6373,42.08386,-72.57022
6374,42.08499,-72.57422
6375,42.11272,-72.60461
6376,42.11376,-72.60546
6379,42.14515,-72.52139
6380,42.15905,-72.50314
6400,42.1406,-72.49984
6401,42.11433,-72.58044
6402,42.11677,-72.58244
6403,42.11676,-72.58261
6404,42.11389,-72.58016
6406,42.11047,-72.57837
6407,42.11043,-72.57816
6410,42.11213,-72.56249
6411,42.10592,-72.59183
6413,42.12016,-72.75459
6414,42.1191,-72.74159
6415,42.20167,-72.64369
6416,42.18944,-72.64974
6417,42.10185,-72.58401
6420,42.09285,-72.55631
6421,42.09619,-72.6072
6427,42.10145,-72.54905
6428,42.10172,-72.5483
6429,42.09773,-72.55054
6430,42.09753,-72.55075
6431,42.11561,-72.5511
6432,42.11518,-72.55113
6433,42.12313,-72.54933
6434,42.1389,-72.54781
6435,42.12965,-72.54585
6436,42.13219,-72.54618
6437,42.13221,-72.54594
6439,42.11344,-72.54837
6441,42.16338,-72.61894
6442,42.18479,-72.61085
6444,42.19154,-72.60139
6445,42.1903,-72.60278
6446,42.18904,-72.60448
6447,42.18723,-72.60762
6450,42.17183,-72.62335
6452,42.1823,-72.61115
6453,42.18174,-72.61158
6454,42.17892,-72.61354
6457,42.1909,-72.62952
6458,42.15155,-72.63068
6463,42.10768,-72.5466
6464,42.09761,-72.57347
6465,42.09579,-72.57414
6466,42.09673,-72.57363
6467,42.09811,-72.57309
6470,42.217985,-72.6413
6471,42.218202,-72.641306
6473,42.0969,-72.5737
6474,42.10401,-72.54616
6475,42.10783,-72.54676
6476,42.1294,-72.54558
6477,42.12461,-72.54701
6500,42.21071,-72.62059
6501,42.21131,-72.62041
6504,42.14932,-72.58631
6550,42.19871,-72.60844
6551,42.19674,-72.61043
6552,42.19588,-72.61128
6553,42.18853,-72.62353
6554,42.18789,-72.62419
6555,42.1778,-72.63001
6556,42.17659,-72.63036
6557,42.17415,-72.63118
6633,42.157,-72.58398
6801,42.18984,-72.62064
6802,42.13506,-72.73999
6808,42.09178,-72.555
6811,42.20576,-72.60496
6850,42.1568,-72.50628
6860,42.15686,-72.50612
6870,42.14085,-72.57469
6910,42.11257,-72.58027
6950,42.15721,-72.4809
6951,42.15931,-72.48036
6952,42.15931,-72.48001
6953,42.12021,-72.74732
7000,42.31816,-72.63119
7043,42.357903,-72.550119
7442,42.33377,-72.6357
7443,42.33841,-72.64611
7444,42.33844,-72.64197
7445,42.30613,-72.67511
7446,42.3061,-72.67528
7447,42.32377,-72.67686
7481,42.30328,-72.6237
7482,42.21069,-72.60775
7483,42.21428,-72.616958
7484,42.303371,-72.625329
8000,42.35794,-72.48424
8001,42.39376,-72.53301
8002,42.35471,-72.48011
8006,42.46494,-72.58034
8008,42.41275,-72.51427
8010,42.35498,-72.52081
8011,42.35433,-72.52202
8014,42.26148,-72.57267
8015,42.26166,-72.58078
8016,42.29941,-72.602208
8017,42.29921,-72.602526
8018,42.334365,-72.588106
8019,42.334473,-72.588697
8020,42.33757,-72.605839
8022,42.337413,-72.60588
8024,42.41742,-72.52387
8025,42.41717,-72.52689
8110,42.1424,-72.4902
8860,42.13373,-72.52311
8888,42.12278,-72.74932
9000,42.086,-72.50799
9003,42.36853,-72.69361
9004,42.36864,-72.69382
9005,42.11138,-72.59284
9006,42.08597,-72.55874
9007,42.33122,-72.67653
9008,42.3299,-72.67862
9009,42.33355,-72.62941
9011,42.3768,-72.70591
9012,42.33369,-72.6295
9014,42.10768,-72.57784
9016,42.15428,-72.54874
9017,42.18065,-72.51524
9022,42.10209,-72.59127
9023,42.10623,-72.6938
9024,42.10603,-72.6941
9025,42.09909,-72.59518
9026,42.09885,-72.5952
9027,42.13582,-72.61557
9028,42.13553,-72.61581
9029,42.16255,-72.64582
9030,42.16231,-72.64664
9031,42.10908,-72.61392
9032,42.10881,-72.61395
9033,42.16226,-72.63945
9034,42.16213,-72.63921
9037,42.08308,-72.54309
9038,42.10922,-72.60051
9039,42.08699,-72.62843
9040,42.10293,-72.58965
9041,42.13236,-72.59993
9042,42.13233,-72.60027
9043,42.19496,-72.60115
9044,42.1951,-72.6015
9045,42.08113,-72.53919
9047,42.06406,-72.53954
9048,42.0639,-72.53934
9050,42.37396,-72.53154
9051,42.37559,-72.52391
9052,42.37576,-72.52171
9053,42.41517,-72.52984
9054,42.41466,-72.5326
9055,42.41466,-72.53245
9058,42.31537,-72.575919
9059,42.31544,-72.57599
9060,42.14001,-72.5819
9062,42.17833,-72.68637
9080,42.12528,-72.6106
9084,42.05661,-72.5351
9085,42.0563,-72.53496
9086,42.20851,-72.6073
9087,42.20845,-72.60735
9088,42.20839,-72.60741
9089,42.20834,-72.60746
9091,42.21174,-72.59608
9092,42.21194,-72.59618
9095,42.30732,-72.65858
9096,42.20828,-72.60752
9097,42.20823,-72.60757
9098,42.20817,-72.60763
9111,42.28824,-72.60207
9112,42.28875,-72.60188
9113,42.30154,-72.52791
9114,42.30175,-72.52798
9115,42.28057,-72.55793
9116,42.28057,-72.55838
9117,42.46765,-72.58478
9118,42.46757,-72.58493
9119,42.29764,-72.5309
9120,42.09011,-72.62678
9121,42.08989,-72.62674
9122,42.35156,-72.47148
9123,42.35155,-72.47121
9129,42.12526,-72.61587
9130,42.05059,-72.58277
9131,42.06595,-72.5527
9140,42.10688,-72.57887
9141,42.13081,-72.54953
9142,42.13102,-72.54598
9146,42.1308,-72.54707
9150,42.11633,-72.54946
9151,42.11905,-72.54801
9160,42.31673,-72.6316
9161,42.34416,-72.68196
9162,42.28935,-72.660887
9163,42.289235,-72.660737
9164,42.23751,-72.651857
9165,42.237382,-72.651615
9169,42.33731,-72.616939
9170,42.334793,-72.619606
9171,42.38454,-72.53329
9172,42.384722,-72.533126
9180,42.2903,-72.618206
9181,42.29015,-72.61798
9182,42.285211,-72.614886
9183,42.285183,-72.61459
9184,42.06648,-72.5557
9202,42.12543,-72.61392
9203,42.28459,-72.61567
9204,42.28436,-72.61635
9250,42.05983,-72.53764
9310,42.10112,-72.58673
9311,42.10312,-72.58447
9312,42.11014,-72.60136
9315,42.12198,-72.58847
9316,42.10111,-72.58695
9320,42.10963,-72.57341
9322,42.10875,-72.57524
9323,42.11142,-72.59992
9324,42.11366,-72.59685
9326,42.10217,-72.58575
9327,42.10195,-72.58577
9328,42.12526,-72.56717
9329,42.12471,-72.61353
9330,42.09488,-72.55075
9331,42.09479,-72.55099
9441,42.08806,-72.62941
9442,42.08795,-72.62929
9587,42.125,-72.55091
9800,42.12263,-72.77443
9801,42.11942,-72.76325
9901,42.37645,-72.48656
9905,42.21181,-72.591
9906,42.21169,-72.59076
9968,42.15637,-72.47712
9969,42.15475,-72.47255
9970,42.15649,-72.47727
9971,42.15683,-72.48231
9990,42.46997,-72.61526
9993,42.46768,-72.60553
9999,42.41108,-72.53055
10000,42.365602,-72.535557
10001,42.36519,-72.53578
10006,42.01811,-72.58485
10009,42.15443,-72.54905
10010,42.18047,-72.51541
10102,42.12743,-72.6115
11002,42.2157,-72.62942
11003,42.20071,-72.62322
11004,42.18979,-72.60965
11005,42.18981,-72.61007
11010,42.209,-72.60492
11101,42.3761,-72.48114
11115,42.20125,-72.6425
11116,42.20101,-72.64222
11117,42.19792,-72.60923
11120,42.21537,-72.62874
11124,42.19746,-72.60968
11125,42.215243,-72.628826
11142,42.19899,-72.63082
11144,42.20812,-72.6065
11701,42.37166,-72.48001
12601,42.36747,-72.47976
12901,42.36507,-72.48429
13101,42.3633,-72.48833
