,stopid,lat,lon,elevation
0,1,42.47704,-72.60745,65.0
1,2,42.47255,-72.6014,67.0
2,4,42.46802,-72.59544,66.0
3,6,42.46539,-72.57587,42.0
4,7,42.45935,-72.57845,46.0
5,8,42.45829,-72.57247,41.0
6,9,42.45767,-72.58146,42.0
7,10,42.45468,-72.56769,52.0
8,11,42.45223,-72.56359,51.0
9,12,42.45157,-72.56287,49.0
10,13,42.44653,-72.55471,74.0
11,14,42.44223,-72.55133,85.0
12,15,42.44217,-72.55149,85.0
13,17,42.43158,-72.54387,62.0
14,18,42.43193,-72.54397,62.0
15,19,42.42701,-72.53996,47.0
16,20,42.42698,-72.54014,47.0
17,21,42.41618,-72.52039,65.0
18,22,42.41539,-72.50735,96.0
19,23,42.41412,-72.52831,66.0
20,24,42.41383,-72.50635,97.0
21,25,42.41299,-72.50832,97.0
22,26,42.41244,-72.51323,91.0
23,28,42.41067,-72.52433,72.0
24,29,42.40959,-72.53461,54.0
25,30,42.40963,-72.53347,54.0
26,31,42.40918,-72.53063,61.0
27,32,42.40907,-72.53075,61.0
28,33,42.40684,-72.51447,89.0
29,34,42.40588,-72.53248,56.0
30,35,42.40494,-72.53083,58.0
31,36,42.40461,-72.51485,88.0
32,37,42.40386,-72.52944,58.0
33,38,42.4032,-72.52916,66.0
34,39,42.40219,-72.51534,101.0
35,40,42.39835,-72.51607,115.0
36,41,42.39842,-72.51623,115.0
37,42,42.3982,-72.52812,68.0
38,43,42.39763,-72.52795,78.0
39,44,42.39726,-72.52169,111.0
40,45,42.39711,-72.52146,111.0
41,46,42.39576,-72.52547,74.0
42,47,42.39569,-72.52528,74.0
43,48,42.39555,-72.51122,121.0
44,49,42.39552,-72.53259,62.0
45,50,42.3954,-72.53245,62.0
46,51,42.39525,-72.51331,109.0
47,52,42.39487,-72.51108,121.0
48,53,42.3946,-72.51581,111.0
49,54,42.39502,-72.51555,111.0
50,55,42.39201,-72.72971,167.0
51,56,42.39383,-72.5261,74.0
52,58,42.39365,-72.52616,79.0
53,59,42.3927,-72.51928,116.0
54,60,42.39254,-72.53424,53.0
55,61,42.39237,-72.53613,50.0
56,62,42.39182,-72.52001,116.0
57,63,42.39148,-72.52524,75.0
58,64,42.39099,-72.5253,75.0
59,65,42.38937,-72.51886,111.0
60,66,42.38935,-72.51894,111.0
61,67,42.38918,-72.53247,60.0
62,68,42.38896,-72.51765,122.0
63,69,42.38881,-72.51749,122.0
64,70,42.38918,-72.53231,60.0
65,71,42.38783,-72.52391,82.0
66,72,42.38766,-72.5235,82.0
67,73,42.38715,-72.5264,78.0
68,74,42.38623,-72.53123,64.0
69,75,42.38547,-72.52467,79.0
70,76,42.38655,-72.5312,64.0
71,77,42.384961,-72.52828,74.0
72,78,42.384693,-72.528417,74.0
73,79,42.38368,-72.51848,109.0
74,80,42.38347,-72.51882,113.0
75,81,42.38305,-72.52048,94.0
76,82,42.382884,-72.52056,94.0
77,83,42.38236,-72.53225,53.0
78,84,42.38228,-72.53216,53.0
79,85,42.38222,-72.5191,94.0
80,86,42.38201,-72.531849,53.0
81,87,42.382781,-72.53178,53.0
82,89,42.38154,-72.53391,51.0
83,90,42.38149,-72.53385,51.0
84,91,42.37996,-72.53398,56.0
85,92,42.37989,-72.5341,56.0
86,93,42.37959,-72.519716,97.0
87,94,42.37976,-72.5195,97.0
88,95,42.37789,-72.52,95.0
89,96,42.377803,-72.51983,95.0
90,97,42.37763,-72.53415,50.0
91,98,42.37753,-72.53261,59.0
92,99,42.37638,-72.48632,67.0
93,100,42.37431,-72.70185,136.0
94,101,42.37423,-72.70185,136.0
95,102,42.37619,-72.50126,65.0
96,103,42.3759,-72.52129,105.0
97,104,42.37596,-72.51128,86.0
98,105,42.37588,-72.51655,105.0
99,106,42.37583,-72.51192,86.0
100,107,42.37573,-72.52392,100.0
101,108,42.37582,-72.50724,70.0
102,109,42.37571,-72.5074,70.0
103,110,42.37561,-72.51934,101.0
104,111,42.37585,-72.48119,86.0
105,112,42.37458,-72.519758,100.0
106,113,42.374455,-72.519946,100.0
107,114,42.37407,-72.53156,56.0
108,115,42.37629,-72.50142,65.0
109,116,42.373071,-72.51882,100.0
110,117,42.37165,-72.4801,89.0
111,118,42.37029,-72.49914,59.0
112,119,42.37019,-72.49907,59.0
113,120,42.3694,-72.50164,57.0
114,121,42.3693,-72.50172,57.0
115,122,42.14099,-72.52602,64.0
116,123,42.36864,-72.533569,54.0
117,124,42.36874,-72.533309,60.0
118,125,42.36778,-72.53481,54.0
119,126,42.36757,-72.4798,93.0
120,127,42.36571,-72.53876,53.0
121,128,42.36537,-72.53549,53.0
122,129,42.36511,-72.48426,61.0
123,130,42.36376,-72.538718,51.0
124,131,42.36334,-72.48854,60.0
125,132,42.36232,-72.52084,83.0
126,133,42.36261,-72.5207,68.0
127,134,42.3629,-72.48877,60.0
128,135,42.36223,-72.48803,58.0
129,136,42.36122,-72.54378,53.0
130,137,42.359992,-72.54673,52.0
131,138,42.35685,-72.48241,88.0
132,139,42.3565,-72.48196,88.0
133,140,42.355901,-72.550129,50.0
134,142,42.35539,-72.552007,50.0
135,143,42.35352,-72.69992,127.0
136,144,42.35466,-72.55722,52.0
137,145,42.35495,-72.52066,50.0
138,146,42.354683,-72.55694,52.0
139,147,42.35421,-72.52194,53.0
140,148,42.35348,-72.4762,98.0
141,150,42.3513,-72.68218,131.0
142,151,42.35165,-72.52678,51.0
143,152,42.35153,-72.52624,51.0
144,153,42.35047,-72.53026,57.0
145,154,42.35072,-72.47017,124.0
146,156,42.35047,-72.47006,124.0
147,157,42.34907,-72.52887,54.0
148,159,42.34708,-72.57262,50.0
149,160,42.347124,-72.57237,50.0
150,161,42.34576,-72.57546,43.0
151,162,42.34598,-72.5748,45.0
152,163,42.34436,-72.68235,99.0
153,164,42.34561,-72.46734,126.0
154,165,42.34551,-72.46713,126.0
155,166,42.3474,-72.52015,53.0
156,167,42.34497,-72.52055,52.0
157,168,42.34378,-72.57947,43.0
158,169,42.34314,-72.58143,46.0
159,170,42.34045,-72.64251,50.0
160,171,42.34236,-72.58867,43.0
161,172,42.34221,-72.58935,43.0
162,173,42.342024,-72.596076,44.0
163,174,42.341961,-72.594427,44.0
164,175,42.34093,-72.601369,40.0
165,176,42.340703,-72.60149,40.0
166,177,42.34023,-72.66019,81.0
167,178,42.339934,-72.60671,41.0
168,179,42.34077,-72.51992,53.0
169,180,42.33948,-72.66048,72.0
170,182,42.33933,-72.66048,72.0
171,183,42.339701,-72.607029,41.0
172,184,42.34032,-72.52018,53.0
173,189,42.33829,-72.64878,66.0
174,190,42.33667,-72.66116,73.0
175,191,42.33759,-72.66108,72.0
176,192,42.33728,-72.67055,87.0
177,194,42.33712,-72.6427,62.0
178,197,42.33853,-72.45743,106.0
179,198,42.33826,-72.45748,106.0
180,199,42.33638,-72.6613,73.0
181,200,42.33652,-72.66112,73.0
182,201,42.33599,-72.67201,89.0
183,202,42.33581,-72.64358,62.0
184,203,42.33563,-72.67216,89.0
185,204,42.33551,-72.67237,89.0
186,207,42.33502,-72.66759,88.0
187,208,42.33486,-72.67205,90.0
188,209,42.33481,-72.66858,88.0
189,210,42.33466,-72.66377,82.0
190,211,42.33498,-72.6636,82.0
191,212,42.33409,-72.64355,61.0
192,213,42.334,-72.64311,61.0
193,214,42.33379,-72.63997,54.0
194,215,42.33375,-72.63983,54.0
195,216,42.33351,-72.63648,49.0
196,218,42.33345,-72.63617,49.0
197,219,42.332932,-72.621559,49.0
198,220,42.33221,-72.67211,90.0
199,221,42.33316,-72.52347,64.0
200,222,42.33298,-72.52361,64.0
201,223,42.33167,-72.65318,75.0
202,224,42.3315,-72.65321,75.0
203,225,42.33116,-72.67645,77.0
204,226,42.33013,-72.67513,77.0
205,227,42.32999,-72.67876,77.0
206,228,42.32948,-72.63617,46.0
207,229,42.328932,-72.62426,43.0
208,230,42.32895,-72.624119,43.0
209,231,42.32963,-72.44814,97.0
210,232,42.32953,-72.4482,97.0
211,233,42.32881,-72.63354,47.0
212,234,42.32614,-72.6497,68.0
213,235,42.32519,-72.64939,68.0
214,236,42.32619,-72.53206,87.0
215,237,42.3238,-72.67669,93.0
216,238,42.3217,-72.62715,46.0
217,239,42.32348,-72.63253,44.0
218,240,42.32552,-72.43905,113.0
219,241,42.32536,-72.43846,113.0
220,242,42.32352,-72.63242,44.0
221,243,42.32223,-72.52982,91.0
222,244,42.32163,-72.62706,51.0
223,245,42.32214,-72.52976,91.0
224,246,42.3206,-72.63091,49.0
225,248,42.32191,-72.4281,111.0
226,249,42.31999,-72.63017,49.0
227,250,42.32176,-72.42818,111.0
228,251,42.31962,-72.63755,66.0
229,252,42.319731,-72.63747,66.0
230,254,42.31933,-72.63025,49.0
231,255,42.31995,-72.52949,87.0
232,256,42.31844,-72.63109,46.0
233,257,42.31947,-72.52863,82.0
234,259,42.317951,-72.6275,42.0
235,260,42.31785,-72.63323,51.0
236,261,42.3177,-72.63305,51.0
237,262,42.315012,-72.62525,42.0
238,263,42.31514,-72.63173,45.0
239,264,42.31597,-72.42591,108.0
240,265,42.31593,-72.42583,108.0
241,266,42.31375,-72.62956,46.0
242,267,42.31336,-72.627657,40.0
243,268,42.31324,-72.626889,39.0
244,269,42.31161,-72.42303,102.0
245,270,42.31155,-72.42308,102.0
246,271,42.30482,-72.52829,170.0
247,272,42.3042,-72.52811,170.0
248,273,42.29848,-72.4159,171.0
249,274,42.29847,-72.41604,171.0
250,276,42.29067,-72.40834,155.0
251,277,42.28916,-72.53566,113.0
252,278,42.29031,-72.40811,156.0
253,280,42.2891,-72.53544,113.0
254,283,42.284965,-72.656216,46.0
255,284,42.284953,-72.6561,46.0
256,286,42.28249,-72.55357,86.0
257,287,42.28235,-72.55361,86.0
258,290,42.26336,-72.58248,66.0
259,291,42.27965,-72.40238,186.0
260,292,42.276121,-72.657537,49.0
261,293,42.27591,-72.657847,49.0
262,294,42.2776,-72.40081,188.0
263,296,42.27417,-72.661839,58.0
264,297,42.27403,-72.66193,58.0
265,300,42.2724,-72.66721,59.0
266,302,42.27121,-72.67209,61.0
267,306,42.26992,-72.56603,83.0
268,307,42.26978,-72.56593,83.0
269,308,42.267014,-72.66998,54.0
270,313,42.26587,-72.66934,53.0
271,314,42.265601,-72.66899,53.0
272,317,42.26415,-72.66421,60.0
273,318,42.26399,-72.66396,60.0
274,320,42.26157,-72.5728,81.0
275,323,42.25802,-72.5759,82.0
276,324,42.258003,-72.572995,83.0
277,329,42.257632,-72.575847,82.0
278,333,42.25666,-72.572209,59.0
279,336,42.254254,-72.574107,70.0
280,338,42.254083,-72.576489,69.0
281,345,42.23573,-72.58334,58.0
282,350,42.22068,-72.59087,39.0
283,351,42.22036,-72.59097,39.0
284,353,42.21756,-72.59197,31.0
285,354,42.21611,-72.61932,82.0
286,355,42.21616,-72.59339,27.0
287,356,42.2159,-72.62027,82.0
288,357,42.21611,-72.59331,27.0
289,358,42.21538,-72.5945,25.0
290,359,42.21397,-72.61782,74.0
291,360,42.2134,-72.62079,81.0
292,361,42.21328,-72.62329,81.0
293,362,42.21312,-72.62787,83.0
294,363,42.21304,-72.62031,81.0
295,364,42.21277,-72.62967,92.0
296,365,42.21216,-72.57213,74.0
297,367,42.21092,-72.62292,81.0
298,368,42.21083,-72.62543,78.0
299,369,42.21073,-72.62926,84.0
300,370,42.21085,-72.60826,49.0
301,371,42.21069,-72.60945,45.0
302,372,42.21049,-72.60699,49.0
303,373,42.2102,-72.61965,83.0
304,374,42.21028,-72.60564,50.0
305,376,42.20952,-72.6205,83.0
306,377,42.20961,-72.60582,50.0
307,380,42.20862,-72.61972,83.0
308,381,42.20831,-72.61618,59.0
309,383,42.20851,-72.57368,77.0
310,386,42.207074,-72.646238,147.0
311,387,42.20694,-72.60766,50.0
312,388,42.20704,-72.59589,32.0
313,390,42.20683,-72.61347,52.0
314,391,42.2068,-72.59833,31.0
315,393,42.20653,-72.60939,52.0
316,394,42.2061,-72.60582,32.0
317,398,42.20576,-72.60888,45.0
318,404,42.2054,-72.61081,48.0
319,406,42.2054,-72.60026,35.0
320,408,42.20516,-72.61081,48.0
321,412,42.20474,-72.60984,45.0
322,413,42.2046,-72.59638,27.0
323,414,42.20436,-72.61155,48.0
324,415,42.20428,-72.61797,73.0
325,416,42.2042,-72.61848,73.0
326,417,42.20456,-72.60299,32.0
327,418,42.20493,-72.50985,78.0
328,419,42.20387,-72.61068,43.0
329,422,42.20394,-72.61727,66.0
330,423,42.20352,-72.61929,62.0
331,424,42.2035,-72.61669,66.0
332,425,42.20303,-72.64553,135.0
333,426,42.20313,-72.63101,85.0
334,427,42.20293,-72.64524,135.0
335,428,42.20315,-72.61903,62.0
336,430,42.20289,-72.61165,43.0
337,431,42.2028,-72.61231,43.0
338,432,42.2031,-72.57163,76.0
339,433,42.20265,-72.61494,58.0
340,435,42.2024,-72.61778,66.0
341,436,42.20215,-72.62125,56.0
342,437,42.20228,-72.61745,66.0
343,438,42.20241,-72.60466,27.0
344,439,42.20193,-72.61401,43.0
345,440,42.2022,-72.62089,56.0
346,441,42.20197,-72.63109,85.0
347,443,42.20165,-72.64345,129.0
348,444,42.20193,-72.61052,35.0
349,445,42.20207,-72.60482,30.0
350,446,42.20189,-72.61073,35.0
351,447,42.20167,-72.61332,43.0
352,448,42.20142,-72.623,62.0
353,449,42.20149,-72.61602,52.0
354,450,42.20139,-72.61603,52.0
355,451,42.20112,-72.64166,123.0
356,452,42.20136,-72.61317,43.0
357,453,42.2011,-72.61479,52.0
358,454,42.20166,-72.50898,76.0
359,455,42.20055,-72.61394,43.0
360,456,42.20037,-72.62868,86.0
361,457,42.20052,-72.60804,25.0
362,459,42.20036,-72.6155,52.0
363,460,42.20041,-72.60671,25.0
364,461,42.20016,-72.62587,72.0
365,462,42.20004,-72.60719,25.0
366,463,42.19969,-72.60645,27.0
367,464,42.19944,-72.6281,82.0
368,465,42.19915,-72.60586,27.0
369,466,42.19877,-72.61709,55.0
370,467,42.19926,-72.6287,82.0
371,468,42.19916,-72.63056,81.0
372,470,42.199,-72.64035,145.0
373,471,42.19903,-72.63201,85.0
374,472,42.19899,-72.63366,86.0
375,473,42.19913,-72.61532,46.0
376,474,42.19883,-72.6331,85.0
377,475,42.19901,-72.60797,27.0
378,476,42.19815,-72.63426,86.0
379,477,42.19835,-72.60475,27.0
380,478,42.19856,-72.60514,27.0
381,479,42.19812,-72.61632,46.0
382,481,42.19819,-72.60876,26.0
383,482,42.19776,-72.57367,68.0
384,483,42.19739,-72.60378,28.0
385,484,42.19737,-72.6036,28.0
386,485,42.19673,-72.61906,62.0
387,486,42.19714,-72.57427,68.0
388,488,42.19568,-72.62085,69.0
389,489,42.19531,-72.63406,84.0
390,490,42.19554,-72.62168,69.0
391,491,42.195154,-72.65278,134.0
392,493,42.19538,-72.61165,25.0
393,494,42.19483,-72.62592,83.0
394,495,42.19479,-72.62686,83.0
395,497,42.19474,-72.6242,75.0
396,499,42.19428,-72.64718,136.0
397,500,42.19386,-72.62993,82.0
398,501,42.19367,-72.60011,29.0
399,503,42.19312,-72.6367,94.0
400,504,42.19274,-72.62967,82.0
401,505,42.19212,-72.64834,129.0
402,506,42.19278,-72.57622,56.0
403,507,42.1927,-72.57592,56.0
404,508,42.19216,-72.61493,21.0
405,509,42.19118,-72.65246,113.0
406,510,42.19157,-72.6011,26.0
407,512,42.19095,-72.63999,99.0
408,513,42.19102,-72.62965,78.0
409,514,42.19036,-72.61752,18.0
410,516,42.19015,-72.61856,18.0
411,518,42.19015,-72.60273,28.0
412,519,42.18962,-72.64329,110.0
413,520,42.18922,-72.64979,114.0
414,521,42.18935,-72.62185,20.0
415,523,42.1893,-72.57758,73.0
416,524,42.1884,-72.60538,25.0
417,525,42.18778,-72.64763,119.0
418,527,42.18769,-72.62424,29.0
419,528,42.18715,-72.63004,78.0
420,529,42.18708,-72.63215,78.0
421,530,42.18706,-72.60763,26.0
422,531,42.18704,-72.57765,78.0
423,533,42.1863,-72.65057,106.0
424,534,42.18677,-72.57734,78.0
425,535,42.185244,-72.65006,98.0
426,537,42.18565,-72.57763,78.0
427,538,42.18479,-72.60981,25.0
428,539,42.18465,-72.61114,24.0
429,541,42.18382,-72.63689,96.0
430,542,42.18355,-72.648807,97.0
431,544,42.18345,-72.637,96.0
432,545,42.18374,-72.61052,24.0
433,546,42.18345,-72.63291,75.0
434,549,42.18276,-72.60993,21.0
435,550,42.18271,-72.61026,21.0
436,551,42.18167,-72.63854,90.0
437,552,42.18142,-72.61545,24.0
438,553,42.18129,-72.61577,24.0
439,554,42.180633,-72.648746,94.0
440,555,42.180412,-72.64863,94.0
441,556,42.18024,-72.63966,83.0
442,557,42.18001,-72.63967,83.0
443,558,42.17983,-72.61762,27.0
444,559,42.17971,-72.61291,23.0
445,560,42.18003,-72.61749,27.0
446,561,42.17844,-72.69061,83.0
447,562,42.17831,-72.69087,83.0
448,563,42.17898,-72.61338,20.0
449,564,42.17846,-72.63672,82.0
450,565,42.17843,-72.63987,83.0
451,566,42.17813,-72.6364,82.0
452,567,42.17819,-72.62971,39.0
453,568,42.17826,-72.61387,20.0
454,569,42.17795,-72.62016,22.0
455,572,42.17708,-72.62105,25.0
456,573,42.17651,-72.63025,28.0
457,574,42.1764,-72.60071,68.0
458,575,42.17594,-72.61453,24.0
459,576,42.17574,-72.61468,23.0
460,577,42.1758,-72.60049,68.0
461,578,42.1755,-72.62164,25.0
462,580,42.17476,-72.63663,78.0
463,581,42.17462,-72.63656,78.0
464,582,42.17471,-72.62208,24.0
465,583,42.17269,-72.64045,66.0
466,584,42.174004,-72.647828,85.0
467,585,42.17427,-72.57859,70.0
468,586,42.17419,-72.5995,67.0
469,587,42.17416,-72.59937,67.0
470,588,42.17441,-72.57533,66.0
471,590,42.17362,-72.63126,43.0
472,593,42.17456,-72.62206,24.0
473,594,42.17189,-72.63174,34.0
474,595,42.17225,-72.58648,68.0
475,596,42.17225,-72.61463,21.0
476,597,42.17199,-72.58657,68.0
477,598,42.17166,-72.62332,24.0
478,600,42.1707,-72.57723,65.0
479,603,42.17074,-72.62383,22.0
480,604,42.17113,-72.5774,69.0
481,605,42.17099,-72.61446,21.0
482,606,42.17067,-72.5968,67.0
483,608,42.16942,-72.59486,67.0
484,609,42.16926,-72.64057,79.0
485,610,42.16865,-72.62367,21.0
486,611,42.16803,-72.62368,21.0
487,612,42.16754,-72.59259,70.0
488,613,42.16797,-72.61506,22.0
489,614,42.16793,-72.61477,22.0
490,615,42.16785,-72.61616,22.0
491,616,42.16906,-72.48184,74.0
492,617,42.16774,-72.61665,22.0
493,618,42.16769,-72.61797,21.0
494,619,42.16762,-72.61798,21.0
495,620,42.16741,-72.62085,22.0
496,621,42.16725,-72.62175,22.0
497,623,42.16767,-72.5783,57.0
498,626,42.16591,-72.63359,38.0
499,628,42.1659,-72.59087,64.0
500,629,42.16585,-72.57944,60.0
501,630,42.16539,-72.58397,66.0
502,631,42.16501,-72.62126,24.0
503,632,42.16529,-72.59012,64.0
504,634,42.16483,-72.6209,24.0
505,635,42.16411,-72.5889,65.0
506,636,42.16396,-72.58891,65.0
507,637,42.16364,-72.64008,68.0
508,638,42.16355,-72.63996,68.0
509,639,42.16321,-72.61885,23.0
510,640,42.16215,-72.63318,24.0
511,641,42.16209,-72.61701,22.0
512,642,42.16215,-72.6169,22.0
513,643,42.16183,-72.63299,24.0
514,645,42.16171,-72.58191,42.0
515,646,42.16087,-72.61455,23.0
516,647,42.16085,-72.61473,22.0
517,648,42.16114,-72.58179,42.0
518,650,42.161,-72.58292,42.0
519,651,42.16086,-72.58273,42.0
520,653,42.1594,-72.63437,28.0
521,654,42.15931,-72.63451,28.0
522,656,42.15862,-72.6332,23.0
523,659,42.15968,-72.5026,57.0
524,661,42.15951,-72.5009,58.0
525,662,42.15942,-72.50095,58.0
526,663,42.15856,-72.58471,33.0
527,664,42.15856,-72.58059,37.0
528,665,42.15932,-72.49876,58.0
529,666,42.15847,-72.58463,33.0
530,667,42.15847,-72.58056,37.0
531,668,42.15919,-72.49847,58.0
532,669,42.15909,-72.50329,57.0
533,670,42.15919,-72.49696,60.0
534,673,42.15794,-72.58033,50.0
535,675,42.15854,-72.49461,67.0
536,676,42.15726,-72.61222,28.0
537,678,42.15778,-72.49135,67.0
538,679,42.15703,-72.58523,38.0
539,680,42.15783,-72.49193,70.0
540,681,42.15696,-72.58514,38.0
541,682,42.15739,-72.61205,28.0
542,683,42.15722,-72.50812,69.0
543,684,42.15715,-72.50879,72.0
544,685,42.15703,-72.50638,69.0
545,686,42.15698,-72.50631,69.0
546,687,42.15616,-72.58089,51.0
547,688,42.15699,-72.4898,67.0
548,689,42.15684,-72.50399,64.0
549,691,42.15691,-72.48992,67.0
550,692,42.15608,-72.58072,51.0
551,693,42.15675,-72.50402,64.0
552,694,42.15659,-72.51107,69.0
553,695,42.15747,-72.48106,72.0
554,696,42.15632,-72.51109,69.0
555,697,42.15538,-72.58547,39.0
556,698,42.15606,-72.48803,74.0
557,699,42.15599,-72.48817,74.0
558,701,42.15503,-72.51227,70.0
559,702,42.15414,-72.58049,50.0
560,703,42.15398,-72.5846,45.0
561,704,42.15449,-72.51299,72.0
562,705,42.1528,-72.631,29.0
563,706,42.15333,-72.58052,50.0
564,707,42.15263,-72.63071,29.0
565,708,42.1537,-72.51343,73.0
566,709,42.15283,-72.58035,50.0
567,711,42.15134,-72.63046,23.0
568,712,42.15179,-72.50635,77.0
569,713,42.15176,-72.50619,77.0
570,714,42.1507,-72.58541,45.0
571,715,42.15062,-72.58533,45.0
572,716,42.15091,-72.51606,72.0
573,719,42.15039,-72.50812,77.0
574,720,42.14954,-72.57999,54.0
575,722,42.15005,-72.51708,61.0
576,725,42.14919,-72.57984,54.0
577,726,42.14905,-72.58746,45.0
578,727,42.14885,-72.60686,29.0
579,728,42.14975,-72.50856,70.0
580,729,42.14849,-72.63073,21.0
581,730,42.14934,-72.51751,71.0
582,731,42.14844,-72.60888,29.0
583,732,42.14814,-72.63042,21.0
584,733,42.14821,-72.60346,37.0
585,735,42.14814,-72.59865,33.0
586,736,42.14881,-72.5182,71.0
587,737,42.1483,-72.60692,29.0
588,738,42.14809,-72.59478,38.0
589,739,42.14807,-72.59188,33.0
590,746,42.14683,-72.60724,33.0
591,747,42.14649,-72.60504,42.0
592,748,42.14699,-72.57965,51.0
593,749,42.14697,-72.57978,51.0
594,750,42.14743,-72.51924,75.0
595,751,42.14649,-72.62969,24.0
596,752,42.14648,-72.60517,42.0
597,753,42.14707,-72.51981,75.0
598,756,42.14563,-72.6089,35.0
599,757,42.14626,-72.52032,75.0
600,759,42.14519,-72.62918,27.0
601,761,42.14486,-72.60882,35.0
602,765,42.14519,-72.52154,71.0
603,766,42.14446,-72.6034,49.0
604,767,42.14671,-72.54376,69.0
605,768,42.14429,-72.60348,49.0
606,770,42.14376,-72.62851,20.0
607,771,42.14352,-72.62815,19.0
608,773,42.14364,-72.61012,45.0
609,774,42.14421,-72.54453,67.0
610,775,42.14368,-72.58037,63.0
611,776,42.14366,-72.5805,63.0
612,778,42.14363,-72.54362,71.0
613,779,42.14327,-72.60298,51.0
614,781,42.14353,-72.61002,45.0
615,784,42.14311,-72.53288,61.0
616,786,42.14305,-72.55403,68.0
617,788,42.14288,-72.55406,68.0
618,789,42.14241,-72.60271,51.0
619,790,42.14217,-72.58096,63.0
620,791,42.14244,-72.5236,67.0
621,792,42.14211,-72.55584,66.0
622,794,42.14206,-72.55564,66.0
623,795,42.14206,-72.54344,71.0
624,796,42.14192,-72.52362,67.0
625,797,42.14204,-72.49186,71.0
626,798,42.14095,-72.58146,65.0
627,799,42.14075,-72.60234,56.0
628,802,42.14113,-72.55771,69.0
629,803,42.14113,-72.54287,63.0
630,805,42.14045,-72.60214,56.0
631,806,42.14104,-72.48511,72.0
632,807,42.14022,-72.58195,65.0
633,811,42.14073,-72.49992,72.0
634,812,42.1401,-72.55971,67.0
635,814,42.13968,-72.60192,57.0
636,817,42.1396,-72.56038,67.0
637,818,42.13938,-72.60195,60.0
638,819,42.1389,-72.62642,21.0
639,823,42.14005,-72.5033,68.0
640,825,42.13962,-72.50551,68.0
641,826,42.13947,-72.52498,68.0
642,827,42.13836,-72.62592,21.0
643,828,42.13936,-72.52534,68.0
644,829,42.13951,-72.5053,68.0
645,830,42.13877,-72.5829,60.0
646,832,42.1388,-72.56214,71.0
647,835,42.13865,-72.56228,71.0
648,838,42.13909,-72.49599,71.0
649,840,42.13885,-72.50977,69.0
650,841,42.13867,-72.50897,69.0
651,842,42.13794,-72.57904,69.0
652,844,42.13775,-72.60141,60.0
653,845,42.13772,-72.6015,60.0
654,846,42.13748,-72.61272,17.0
655,847,42.13845,-72.49583,72.0
656,848,42.13765,-72.58206,60.0
657,849,42.13728,-72.61289,17.0
658,850,42.13793,-72.54524,65.0
659,851,42.13788,-72.51311,65.0
660,852,42.13779,-72.51447,65.0
661,854,42.1375,-72.56446,68.0
662,855,42.13764,-72.51431,65.0
663,856,42.13695,-72.56578,73.0
664,858,42.1372,-72.51758,68.0
665,859,42.13709,-72.5277,70.0
666,860,42.13705,-72.51766,68.0
667,861,42.137,-72.52807,70.0
668,863,42.13666,-72.56607,73.0
669,866,42.13663,-72.50682,67.0
670,867,42.13638,-72.52872,70.0
671,868,42.13527,-72.56871,68.0
672,869,42.13522,-72.5236,65.0
673,870,42.13519,-72.6008,65.0
674,871,42.13586,-72.52228,67.0
675,872,42.13542,-72.56874,69.0
676,873,42.13513,-72.60071,65.0
677,874,42.13552,-72.53008,70.0
678,875,42.13564,-72.5296,70.0
679,876,42.13563,-72.49591,67.0
680,879,42.13503,-72.56917,69.0
681,881,42.13433,-72.62592,21.0
682,883,42.13514,-72.5304,69.0
683,885,42.13427,-72.57088,66.0
684,886,42.13456,-72.52426,65.0
685,887,42.13411,-72.52501,70.0
686,888,42.13362,-72.60046,65.0
687,889,42.13446,-72.49572,74.0
688,890,42.13378,-72.57113,66.0
689,891,42.13291,-72.62574,20.0
690,892,42.13327,-72.58475,57.0
691,893,42.13308,-72.60024,63.0
692,894,42.13386,-72.49587,71.0
693,896,42.13343,-72.53314,64.0
694,897,42.13072,-72.79666,86.0
695,898,42.13275,-72.61307,24.0
696,899,42.1325,-72.61318,24.0
697,901,42.13366,-72.53257,64.0
698,902,42.13262,-72.57319,67.0
699,903,42.13275,-72.54186,67.0
700,904,42.13263,-72.54234,67.0
701,905,42.13261,-72.54361,67.0
702,906,42.13234,-72.57339,67.0
703,907,42.13221,-72.5846,57.0
704,908,42.13256,-72.54047,67.0
705,909,42.13242,-72.54458,66.0
706,910,42.13254,-72.54018,67.0
707,911,42.1327,-72.49585,72.0
708,914,42.12955,-72.73219,44.0
709,915,42.13165,-72.5747,67.0
710,916,42.13141,-72.60033,63.0
711,917,42.13172,-72.54947,62.0
712,918,42.13121,-72.60022,64.0
713,919,42.12982,-72.73243,44.0
714,920,42.13152,-72.57467,67.0
715,921,42.13207,-72.49569,76.0
716,922,42.13153,-72.55061,69.0
717,924,42.13165,-72.53727,68.0
718,925,42.13156,-72.53724,68.0
719,926,42.13042,-72.62254,18.0
720,927,42.1304,-72.61265,26.0
721,929,42.12896,-72.79299,81.0
722,930,42.13072,-72.62416,22.0
723,931,42.13119,-72.53463,66.0
724,932,42.13076,-72.61297,26.0
725,933,42.12901,-72.73141,43.0
726,934,42.13112,-72.53448,66.0
727,936,42.13063,-72.57654,65.0
728,937,42.1284,-72.78461,80.0
729,938,42.13093,-72.52669,66.0
730,939,42.12889,-72.73106,45.0
731,940,42.13084,-72.52703,66.0
732,941,42.13041,-72.57673,65.0
733,942,42.13067,-72.55402,73.0
734,943,42.12706,-72.78729,79.0
735,944,42.13078,-72.55406,73.0
736,946,42.12998,-72.4958,81.0
737,947,42.12924,-72.58449,64.0
738,948,42.12921,-72.57922,61.0
739,949,42.12904,-72.62642,17.0
740,950,42.129,-72.57934,65.0
741,953,42.1282,-72.62685,17.0
742,954,42.12904,-72.55686,70.0
743,955,42.1284,-72.60052,67.0
744,956,42.12891,-72.52941,68.0
745,957,42.12815,-72.60043,67.0
746,958,42.12814,-72.58084,65.0
747,959,42.12732,-72.61127,29.0
748,960,42.12779,-72.58454,61.0
749,961,42.12819,-72.53004,68.0
750,962,42.12768,-72.53089,68.0
751,964,42.12776,-72.4962,74.0
752,965,42.12764,-72.61145,29.0
753,966,42.12756,-72.49611,74.0
754,967,42.1277,-72.61161,29.0
755,968,42.12661,-72.58301,67.0
756,969,42.12708,-72.53145,67.0
757,970,42.12629,-72.60111,59.0
758,972,42.12639,-72.58308,67.0
759,973,42.12606,-72.60121,59.0
760,974,42.12633,-72.53267,67.0
761,975,42.12621,-72.5332,67.0
762,976,42.12577,-72.58435,63.0
763,977,42.12596,-72.55884,69.0
764,978,42.12635,-72.61109,21.0
765,979,42.12644,-72.61088,21.0
766,980,42.12562,-72.58421,63.0
767,981,42.12568,-72.5589,69.0
768,982,42.12561,-72.53413,69.0
769,983,42.12337,-72.77663,81.0
770,984,42.12505,-72.58465,63.0
771,985,42.12485,-72.58442,64.0
772,986,42.1248,-72.58515,64.0
773,989,42.12517,-72.53595,70.0
774,990,42.12505,-72.53591,70.0
775,991,42.12525,-72.49676,70.0
776,992,42.12397,-72.62669,19.0
777,993,42.11961,-72.76526,67.0
778,994,42.12402,-72.61009,23.0
779,995,42.12462,-72.53821,66.0
780,996,42.1249,-72.49701,75.0
781,997,42.12449,-72.55951,73.0
782,998,42.12374,-72.62689,19.0
783,999,42.1245,-72.5382,66.0
784,1000,42.12372,-72.61744,16.0
785,1001,42.124,-72.56001,73.0
786,1002,42.12371,-72.60392,41.0
787,1003,42.12364,-72.5866,62.0
788,1005,42.12362,-72.58426,64.0
789,1006,42.12347,-72.6039,41.0
790,1007,42.12317,-72.60974,23.0
791,1008,42.1235,-72.5866,62.0
792,1009,42.12182,-72.56157,71.0
793,1012,42.12325,-72.54214,70.0
794,1013,42.12294,-72.58434,64.0
795,1014,42.12308,-72.60953,23.0
796,1015,42.12362,-72.54095,64.0
797,1017,42.12239,-72.61673,22.0
798,1018,42.12199,-72.62742,37.0
799,1020,42.12324,-72.49747,75.0
800,1022,42.12236,-72.58805,63.0
801,1023,42.1222,-72.58845,63.0
802,1024,42.12197,-72.61661,21.0
803,1026,42.12047,-72.74544,45.0
804,1027,42.12034,-72.75282,52.0
805,1029,42.12282,-72.54267,67.0
806,1030,42.12262,-72.4975,70.0
807,1031,42.12175,-72.58418,62.0
808,1032,42.12144,-72.62734,37.0
809,1033,42.11995,-72.75615,52.0
810,1035,42.12177,-72.56179,71.0
811,1036,42.12284,-72.56069,71.0
812,1037,42.1217,-72.54934,69.0
813,1038,42.12219,-72.49777,70.0
814,1039,42.12109,-72.61601,21.0
815,1040,42.12196,-72.54412,74.0
816,1041,42.11968,-72.74328,43.0
817,1042,42.12123,-72.59001,63.0
818,1043,42.12112,-72.59053,63.0
819,1044,42.11935,-72.75934,61.0
820,1046,42.11922,-72.75928,61.0
821,1049,42.12036,-72.62749,25.0
822,1051,42.12054,-72.60524,27.0
823,1052,42.12036,-72.61574,22.0
824,1053,42.12034,-72.60498,27.0
825,1054,42.12117,-72.54484,74.0
826,1056,42.11918,-72.74029,46.0
827,1058,42.12131,-72.49789,70.0
828,1061,42.12069,-72.54548,70.0
829,1062,42.12034,-72.61561,22.0
830,1063,42.12024,-72.59248,58.0
831,1064,42.12012,-72.59247,58.0
832,1065,42.12007,-72.56342,62.0
833,1066,42.11991,-72.6082,20.0
834,1067,42.11968,-72.62743,25.0
835,1068,42.11963,-72.60824,20.0
836,1069,42.11818,-72.73692,45.0
837,1070,42.12029,-72.56311,62.0
838,1075,42.11996,-72.54588,74.0
839,1077,42.1193,-72.60458,27.0
840,1078,42.12026,-72.49838,72.0
841,1079,42.11967,-72.54633,74.0
842,1080,42.11869,-72.62767,24.0
843,1081,42.11897,-72.60405,31.0
844,1083,42.11877,-72.61488,22.0
845,1084,42.11942,-72.54821,68.0
846,1089,42.1185,-72.62756,24.0
847,1091,42.11868,-72.61472,21.0
848,1093,42.11859,-72.60781,22.0
849,1097,42.11849,-72.60761,22.0
850,1100,42.11927,-72.49855,72.0
851,1101,42.11868,-72.54695,75.0
852,1103,42.11808,-72.59492,46.0
853,1104,42.11796,-72.6031,27.0
854,1105,42.11806,-72.5948,46.0
855,1106,42.11837,-72.56499,64.0
856,1107,42.11774,-72.54821,71.0
857,1109,42.11796,-72.60291,27.0
858,1110,42.1178,-72.61447,24.0
859,1112,42.11769,-72.61628,21.0
860,1113,42.11761,-72.61623,21.0
861,1114,42.11785,-72.56563,64.0
862,1117,42.11747,-72.6178,23.0
863,1119,42.11722,-72.62777,24.0
864,1120,42.11728,-72.61774,23.0
865,1121,42.11791,-72.54546,65.0
866,1125,42.11771,-72.51688,69.0
867,1126,42.11741,-72.54831,71.0
868,1127,42.11679,-72.60701,22.0
869,1128,42.11681,-72.60688,22.0
870,1130,42.11664,-72.62741,40.0
871,1131,42.11765,-72.51273,71.0
872,1132,42.1176,-72.51458,71.0
873,1133,42.11763,-72.51055,72.0
874,1134,42.11756,-72.51237,72.0
875,1135,42.11758,-72.50783,74.0
876,1136,42.11755,-72.51081,72.0
877,1137,42.11677,-72.59513,46.0
878,1139,42.11676,-72.58475,55.0
879,1140,42.11751,-72.50845,72.0
880,1142,42.11753,-72.50436,72.0
881,1143,42.11666,-72.5953,34.0
882,1144,42.11655,-72.60129,27.0
883,1145,42.11742,-72.50443,72.0
884,1147,42.11688,-72.54912,71.0
885,1149,42.1166,-72.58489,52.0
886,1151,42.11634,-72.56703,64.0
887,1152,42.11598,-72.61778,21.0
888,1153,42.1144,-72.72752,39.0
889,1156,42.11694,-72.49896,73.0
890,1157,42.11587,-72.60659,22.0
891,1158,42.11578,-72.61759,21.0
892,1161,42.11621,-72.59344,38.0
893,1162,42.11663,-72.52107,65.0
894,1167,42.11642,-72.52168,65.0
895,1168,42.11623,-72.56701,64.0
896,1176,42.11557,-72.55175,60.0
897,1177,42.11602,-72.52507,62.0
898,1178,42.11613,-72.50035,75.0
899,1179,42.11518,-72.61262,19.0
900,1181,42.11506,-72.61273,19.0
901,1183,42.11584,-72.52518,62.0
902,1184,42.11592,-72.50025,75.0
903,1185,42.11509,-72.59936,30.0
904,1186,42.11583,-72.49866,70.0
905,1187,42.11494,-72.60624,23.0
906,1193,42.11491,-72.61455,19.0
907,1194,42.1153,-72.55216,63.0
908,1195,42.11463,-72.61642,19.0
909,1197,42.11483,-72.59581,34.0
910,1200,42.11453,-72.60592,24.0
911,1201,42.11494,-72.55369,63.0
912,1203,42.11584,-72.59537,34.0
913,1205,42.11421,-72.62529,39.0
914,1206,42.11494,-72.52802,66.0
915,1207,42.1147,-72.55399,63.0
916,1208,42.11517,-72.60279,24.0
917,1209,42.11396,-72.62533,39.0
918,1210,42.11487,-72.52797,66.0
919,1211,42.11423,-72.56896,66.0
920,1213,42.11447,-72.56863,65.0
921,1214,42.1139,-72.61082,23.0
922,1216,42.11464,-72.52989,69.0
923,1220,42.11375,-72.61084,23.0
924,1221,42.11428,-72.55573,62.0
925,1222,42.11391,-72.59652,25.0
926,1225,42.11387,-72.59641,25.0
927,1228,42.11436,-72.53101,66.0
928,1232,42.11366,-72.59744,25.0
929,1233,42.11355,-72.60545,24.0
930,1234,42.11422,-72.53282,64.0
931,1235,42.11357,-72.60132,22.0
932,1236,42.11413,-72.53287,64.0
933,1239,42.11222,-72.72394,42.0
934,1240,42.11406,-72.53501,66.0
935,1242,42.11398,-72.53452,66.0
936,1246,42.11378,-72.53847,53.0
937,1249,42.11369,-72.53839,53.0
938,1253,42.11335,-72.55875,62.0
939,1254,42.11168,-72.71181,38.0
940,1255,42.1132,-72.54275,60.0
941,1257,42.11272,-72.6101,18.0
942,1258,42.11076,-72.70993,46.0
943,1259,42.11313,-72.55033,65.0
944,1260,42.11256,-72.6099,18.0
945,1261,42.11315,-72.54917,65.0
946,1263,42.11379,-72.55682,63.0
947,1264,42.113,-72.55067,65.0
948,1265,42.11306,-72.54307,60.0
949,1266,42.11279,-72.57027,66.0
950,1267,42.11241,-72.60449,26.0
951,1268,42.1127,-72.58013,59.0
952,1269,42.11294,-72.57003,66.0
953,1270,42.11245,-72.59849,20.0
954,1271,42.11284,-72.55232,66.0
955,1273,42.11271,-72.5607,62.0
956,1274,42.11231,-72.5985,20.0
957,1275,42.11282,-72.54463,60.0
958,1276,42.1128,-72.54619,65.0
959,1277,42.11209,-72.62502,21.0
960,1278,42.11273,-72.55255,66.0
961,1280,42.1122,-72.59975,20.0
962,1281,42.11256,-72.5607,62.0
963,1283,42.11248,-72.55433,65.0
964,1284,42.11247,-72.55504,65.0
965,1285,42.11171,-72.62492,24.0
966,1287,42.11206,-72.59575,22.0
967,1288,42.11193,-72.58308,43.0
968,1290,42.11127,-72.59862,20.0
969,1292,42.1122,-72.55633,64.0
970,1296,42.11122,-72.60284,23.0
971,1297,42.11198,-72.55845,65.0
972,1299,42.11212,-72.56204,64.0
973,1300,42.1119,-72.5585,65.0
974,1301,42.11145,-72.59966,20.0
975,1302,42.11174,-72.5602,65.0
976,1304,42.11158,-72.5761,60.0
977,1306,42.1116,-72.58334,38.0
978,1307,42.11157,-72.57623,60.0
979,1309,42.11136,-72.56497,63.0
980,1311,42.1114,-72.56276,65.0
981,1314,42.11174,-72.5632,65.0
982,1315,42.11122,-72.56323,65.0
983,1316,42.11069,-72.60346,23.0
984,1317,42.11058,-72.6113,21.0
985,1319,42.11057,-72.60351,23.0
986,1320,42.11021,-72.58515,46.0
987,1321,42.11056,-72.58493,38.0
988,1322,42.11036,-72.61127,21.0
989,1323,42.11069,-72.56725,67.0
990,1325,42.11054,-72.57499,62.0
991,1326,42.11073,-72.57531,60.0
992,1327,42.11048,-72.5671,67.0
993,1328,42.11022,-72.56968,62.0
994,1329,42.10983,-72.62482,20.0
995,1330,42.1102,-72.57358,60.0
996,1331,42.11014,-72.57384,60.0
997,1332,42.11009,-72.56951,62.0
998,1334,42.10975,-72.601,22.0
999,1335,42.10978,-72.60144,22.0
1000,1336,42.10954,-72.62434,20.0
1001,1338,42.10963,-72.56884,62.0
1002,1339,42.10973,-72.57165,63.0
1003,1340,42.1096,-72.57335,60.0
1004,1341,42.10948,-72.57312,60.0
1005,1345,42.10776,-72.70348,38.0
1006,1346,42.10893,-72.58667,38.0
1007,1347,42.11055,-72.71,46.0
1008,1350,42.10887,-72.57544,61.0
1009,1351,42.10894,-72.56882,62.0
1010,1352,42.10744,-72.70816,39.0
1011,1353,42.10743,-72.68863,38.0
1012,1354,42.10844,-72.58738,38.0
1013,1355,42.10801,-72.62375,23.0
1014,1356,42.10746,-72.68748,41.0
1015,1357,42.10824,-72.58747,36.0
1016,1358,42.10836,-72.57604,61.0
1017,1359,42.10837,-72.55224,62.0
1018,1360,42.10851,-72.54942,67.0
1019,1361,42.10829,-72.55249,56.0
1020,1363,42.10809,-72.55535,60.0
1021,1365,42.10798,-72.55466,60.0
1022,1366,42.10797,-72.55828,61.0
1023,1367,42.10703,-72.64836,65.0
1024,1369,42.10793,-72.55705,61.0
1025,1371,42.10722,-72.62269,21.0
1026,1372,42.10769,-72.56846,64.0
1027,1374,42.10689,-72.64867,65.0
1028,1375,42.10769,-72.55752,61.0
1029,1376,42.1068,-72.65021,66.0
1030,1377,42.1076,-72.57665,62.0
1031,1378,42.10681,-72.64542,63.0
1032,1379,42.1069,-72.62371,23.0
1033,1380,42.10681,-72.62294,23.0
1034,1381,42.10734,-72.5761,62.0
1035,1382,42.10655,-72.65092,66.0
1036,1383,42.1066,-72.64511,63.0
1037,1385,42.10642,-72.65256,63.0
1038,1386,42.1072,-72.55827,61.0
1039,1387,42.1072,-72.57877,61.0
1040,1388,42.10625,-72.65276,63.0
1041,1390,42.10648,-72.61896,26.0
1042,1391,42.10648,-72.61645,24.0
1043,1392,42.1063,-72.62512,22.0
1044,1395,42.10654,-72.58949,30.0
1045,1396,42.10612,-72.61786,22.0
1046,1398,42.10647,-72.58975,24.0
1047,1399,42.10623,-72.61592,21.0
1048,1400,42.10679,-72.55135,55.0
1049,1401,42.10652,-72.57505,62.0
1050,1402,42.10652,-72.56822,64.0
1051,1403,42.1058,-72.64291,64.0
1052,1404,42.10593,-72.62674,21.0
1053,1405,42.10647,-72.57483,61.0
1054,1406,42.10585,-72.64274,64.0
1055,1407,42.1056,-72.65941,55.0
1056,1408,42.10556,-72.65803,58.0
1057,1409,42.10596,-72.62005,23.0
1058,1411,42.10583,-72.62665,21.0
1059,1412,42.10543,-72.661,58.0
1060,1413,42.10581,-72.58064,51.0
1061,1414,42.10542,-72.65678,58.0
1062,1416,42.10599,-72.59146,30.0
1063,1417,42.10634,-72.55824,61.0
1064,1418,42.10567,-72.57379,61.0
1065,1419,42.10587,-72.56821,61.0
1066,1421,42.10591,-72.55837,61.0
1067,1423,42.10576,-72.57376,61.0
1068,1424,42.10581,-72.55977,61.0
1069,1426,42.10574,-72.55986,61.0
1070,1427,42.10497,-72.64105,61.0
1071,1428,42.10514,-72.6198,23.0
1072,1429,42.10564,-72.56125,65.0
1073,1431,42.10469,-72.66346,65.0
1074,1432,42.10491,-72.62983,42.0
1075,1433,42.10452,-72.66484,65.0
1076,1434,42.10555,-72.56135,65.0
1077,1436,42.10441,-72.67254,72.0
1078,1437,42.10485,-72.61409,21.0
1079,1438,42.10468,-72.64072,61.0
1080,1439,42.10433,-72.67537,48.0
1081,1440,42.10541,-72.56326,63.0
1082,1441,42.10441,-72.66973,74.0
1083,1442,42.10487,-72.62962,42.0
1084,1443,42.1049,-72.61393,21.0
1085,1444,42.10419,-72.67617,48.0
1086,1445,42.10514,-72.58203,49.0
1087,1446,42.10526,-72.56454,63.0
1088,1447,42.10422,-72.66966,74.0
1089,1448,42.10422,-72.66676,70.0
1090,1449,42.10517,-72.56457,63.0
1091,1451,42.10491,-72.56753,61.0
1092,1452,42.10482,-72.56761,61.0
1093,1453,42.10401,-72.63368,51.0
1094,1454,42.10468,-72.58241,49.0
1095,1455,42.1048,-72.57236,62.0
1096,1456,42.10373,-72.63453,51.0
1097,1457,42.10409,-72.58905,26.0
1098,1458,42.10357,-72.63614,51.0
1099,1463,42.10374,-72.61243,22.0
1100,1464,42.10366,-72.61209,22.0
1101,1466,42.10389,-72.59267,35.0
1102,1467,42.10368,-72.59263,35.0
1103,1470,42.10428,-72.57175,62.0
1104,1474,42.10327,-72.5918,35.0
1105,1475,42.10322,-72.58952,26.0
1106,1476,42.10285,-72.61097,22.0
1107,1477,42.10268,-72.61043,22.0
1108,1478,42.10355,-72.57044,63.0
1109,1479,42.10283,-72.58502,33.0
1110,1480,42.10263,-72.56925,63.0
1111,1481,42.10248,-72.59003,26.0
1112,1483,42.10053,-72.56619,61.0
1113,1484,42.102,-72.60908,22.0
1114,1487,42.10202,-72.58247,30.0
1115,1488,42.1018,-72.60883,22.0
1116,1492,42.10157,-72.56772,62.0
1117,1494,42.1016,-72.58186,30.0
1118,1495,42.10149,-72.58826,29.0
1119,1496,42.10169,-72.56772,62.0
1120,1498,42.10138,-72.58136,30.0
1121,1499,42.10101,-72.56672,62.0
1122,1500,42.10028,-72.60563,20.0
1123,1501,42.10041,-72.60605,20.0
1124,1503,42.10037,-72.58609,28.0
1125,1504,42.10005,-72.57967,38.0
1126,1505,42.10017,-72.58599,28.0
1127,1506,42.09998,-72.57923,27.0
1128,1507,42.0999,-72.56508,58.0
1129,1508,42.09978,-72.57633,58.0
1130,1509,42.0992,-72.63434,39.0
1131,1511,42.09965,-72.57647,58.0
1132,1512,42.09964,-72.57506,58.0
1133,1513,42.09883,-72.63497,39.0
1134,1514,42.09958,-72.57469,61.0
1135,1515,42.0992,-72.60391,18.0
1136,1516,42.09943,-72.58471,20.0
1137,1518,42.09872,-72.63545,23.0
1138,1520,42.09908,-72.57318,61.0
1139,1521,42.09923,-72.57336,61.0
1140,1522,42.0984,-72.63271,33.0
1141,1524,42.09841,-72.60275,18.0
1142,1528,42.09845,-72.60304,18.0
1143,1529,42.0983,-72.58348,20.0
1144,1530,42.09859,-72.58359,20.0
1145,1531,42.09831,-72.5707,60.0
1146,1532,42.09827,-72.56402,54.0
1147,1534,42.09783,-72.60216,19.0
1148,1537,42.09801,-72.56945,60.0
1149,1538,42.09803,-72.56978,60.0
1150,1539,42.09723,-72.63532,40.0
1151,1540,42.09701,-72.63222,34.0
1152,1542,42.0975,-72.58276,18.0
1153,1543,42.09694,-72.63212,34.0
1154,1544,42.09694,-72.59929,20.0
1155,1545,42.09708,-72.58221,18.0
1156,1546,42.09716,-72.56659,49.0
1157,1547,42.0972,-72.56422,50.0
1158,1548,42.0968,-72.59922,20.0
1159,1549,42.09712,-72.56661,49.0
1160,1551,42.09687,-72.56552,49.0
1161,1552,42.09629,-72.60685,17.0
1162,1554,42.09663,-72.56203,55.0
1163,1555,42.09655,-72.56229,55.0
1164,1557,42.09583,-72.63198,37.0
1165,1559,42.09555,-72.63391,43.0
1166,1560,42.096,-72.56079,55.0
1167,1561,42.09611,-72.56081,55.0
1168,1562,42.09593,-72.58174,18.0
1169,1565,42.09564,-72.5815,21.0
1170,1566,42.09627,-72.50298,70.0
1171,1567,42.09621,-72.5,75.0
1172,1570,42.09607,-72.5045,68.0
1173,1571,42.09549,-72.60508,19.0
1174,1573,42.09453,-72.6346,43.0
1175,1576,42.09443,-72.61465,16.0
1176,1577,42.09561,-72.50899,64.0
1177,1578,42.09449,-72.61394,18.0
1178,1579,42.09419,-72.63509,43.0
1179,1580,42.09413,-72.63132,37.0
1180,1581,42.0947,-72.55905,59.0
1181,1582,42.09446,-72.5811,22.0
1182,1584,42.09468,-72.55882,59.0
1183,1585,42.0943,-72.58118,22.0
1184,1586,42.09396,-72.61608,16.0
1185,1587,42.09389,-72.61582,16.0
1186,1588,42.09483,-72.51004,64.0
1187,1589,42.09476,-72.5096,64.0
1188,1591,42.0947,-72.51375,62.0
1189,1593,42.09466,-72.51462,65.0
1190,1594,42.09432,-72.50826,71.0
1191,1595,42.09334,-72.61808,17.0
1192,1597,42.0943,-72.50842,64.0
1193,1599,42.09323,-72.61798,17.0
1194,1600,42.0936,-72.58079,19.0
1195,1601,42.09304,-72.63093,27.0
1196,1602,42.09368,-72.57159,39.0
1197,1603,42.09368,-72.5537,59.0
1198,1604,42.09372,-72.55391,59.0
1199,1606,42.09305,-72.61931,21.0
1200,1608,42.09359,-72.55281,59.0
1201,1609,42.09351,-72.55204,66.0
1202,1610,42.0934,-72.55545,61.0
1203,1612,42.0938,-72.50589,75.0
1204,1613,42.09368,-72.55743,62.0
1205,1614,42.0933,-72.56921,44.0
1206,1615,42.09349,-72.56913,44.0
1207,1616,42.09333,-72.55715,62.0
1208,1617,42.09333,-72.55641,62.0
1209,1619,42.09372,-72.5059,71.0
1210,1620,42.09265,-72.62123,22.0
1211,1621,42.09325,-72.55642,62.0
1212,1622,42.09336,-72.52217,67.0
1213,1623,42.09283,-72.57452,47.0
1214,1624,42.09297,-72.55861,58.0
1215,1625,42.09292,-72.55852,58.0
1216,1627,42.09271,-72.57062,44.0
1217,1628,42.09275,-72.56749,47.0
1218,1629,42.09217,-72.57511,38.0
1219,1630,42.09268,-72.56036,58.0
1220,1631,42.09187,-72.63711,55.0
1221,1632,42.09266,-72.56659,54.0
1222,1633,42.093,-72.52077,64.0
1223,1635,42.09254,-72.57119,39.0
1224,1636,42.09262,-72.5603,58.0
1225,1640,42.09243,-72.56199,60.0
1226,1641,42.09234,-72.56211,60.0
1227,1642,42.09226,-72.56487,54.0
1228,1643,42.09173,-72.62358,21.0
1229,1644,42.09262,-72.52493,68.0
1230,1646,42.09218,-72.56498,54.0
1231,1648,42.09186,-72.62364,21.0
1232,1649,42.09253,-72.52259,67.0
1233,1650,42.09199,-72.56799,47.0
1234,1651,42.09186,-72.56775,47.0
1235,1652,42.09201,-72.58028,19.0
1236,1653,42.09189,-72.57246,39.0
1237,1654,42.09225,-72.52676,65.0
1238,1655,42.09172,-72.57972,19.0
1239,1656,42.09179,-72.57538,38.0
1240,1657,42.09131,-72.62483,14.0
1241,1658,42.09192,-72.55505,61.0
1242,1659,42.09172,-72.57255,39.0
1243,1660,42.09207,-72.52768,80.0
1244,1661,42.09385,-72.50063,77.0
1245,1662,42.09129,-72.49893,74.0
1246,1663,42.09185,-72.52526,65.0
1247,1664,42.09178,-72.52919,79.0
1248,1665,42.09135,-72.5735,49.0
1249,1666,42.09066,-72.63802,53.0
1250,1667,42.09122,-72.57351,49.0
1251,1668,42.09115,-72.554,64.0
1252,1669,42.09035,-72.6295,32.0
1253,1670,42.09068,-72.57721,27.0
1254,1671,42.09074,-72.57778,27.0
1255,1672,42.09104,-72.53309,63.0
1256,1673,42.0909,-72.55379,64.0
1257,1674,42.09078,-72.56675,59.0
1258,1675,42.09107,-72.53025,71.0
1259,1676,42.09068,-72.56635,58.0
1260,1678,42.09071,-72.53407,60.0
1261,1679,42.08955,-72.63869,53.0
1262,1680,42.08947,-72.63882,53.0
1263,1681,42.09016,-72.5651,58.0
1264,1682,42.09039,-72.53664,63.0
1265,1683,42.09008,-72.56525,58.0
1266,1684,42.09014,-72.55276,64.0
1267,1685,42.09012,-72.55259,64.0
1268,1686,42.09004,-72.53759,66.0
1269,1687,42.08969,-72.57542,34.0
1270,1688,42.08963,-72.57561,34.0
1271,1689,42.08971,-72.56328,58.0
1272,1690,42.08996,-72.53886,66.0
1273,1691,42.08971,-72.53932,66.0
1274,1692,42.0894,-72.57682,42.0
1275,1694,42.08955,-72.54092,61.0
1276,1695,42.08905,-72.57382,51.0
1277,1696,42.08925,-72.56208,62.0
1278,1697,42.08939,-72.54109,61.0
1279,1698,42.08919,-72.57366,51.0
1280,1699,42.08902,-72.57643,42.0
1281,1700,42.08878,-72.5718,62.0
1282,1701,42.08885,-72.55084,61.0
1283,1702,42.0889,-72.54425,61.0
1284,1703,42.08859,-72.57127,62.0
1285,1704,42.08874,-72.55083,61.0
1286,1705,42.08842,-72.57626,42.0
1287,1706,42.08866,-72.54477,61.0
1288,1707,42.08841,-72.56036,59.0
1289,1708,42.08824,-72.5759,42.0
1290,1709,42.08832,-72.56008,59.0
1291,1710,42.08809,-72.56863,59.0
1292,1711,42.08817,-72.56852,59.0
1293,1712,42.08824,-72.54767,62.0
1294,1713,42.08718,-72.64083,52.0
1295,1715,42.08796,-72.54919,60.0
1296,1716,42.08791,-72.54859,60.0
1297,1717,42.08746,-72.56522,61.0
1298,1718,42.08745,-72.56461,61.0
1299,1719,42.08747,-72.55916,59.0
1300,1720,42.08729,-72.55879,59.0
1301,1721,42.08739,-72.54898,62.0
1302,1722,42.08734,-72.55236,61.0
1303,1723,42.08734,-72.54878,62.0
1304,1725,42.08717,-72.55244,61.0
1305,1726,42.08698,-72.55423,58.0
1306,1727,42.08697,-72.562,60.0
1307,1728,42.08665,-72.57515,43.0
1308,1729,42.08663,-72.5749,51.0
1309,1730,42.08667,-72.56102,60.0
1310,1733,42.08665,-72.55509,58.0
1311,1734,42.08709,-72.50285,74.0
1312,1735,42.08644,-72.55805,57.0
1313,1736,42.08682,-72.55828,57.0
1314,1737,42.08636,-72.55928,59.0
1315,1738,42.08636,-72.55752,57.0
1316,1739,42.08542,-72.64302,64.0
1317,1740,42.08625,-72.54728,62.0
1318,1741,42.08599,-72.55718,57.0
1319,1743,42.08512,-72.64328,52.0
1320,1744,42.08641,-72.50481,70.0
1321,1745,42.08632,-72.50427,70.0
1322,1746,42.08587,-72.55747,57.0
1323,1747,42.08588,-72.55594,58.0
1324,1748,42.0858,-72.54682,62.0
1325,1749,42.08567,-72.56092,60.0
1326,1750,42.08559,-72.55498,58.0
1327,1751,42.08553,-72.56074,60.0
1328,1752,42.08562,-72.54637,62.0
1329,1753,42.08529,-72.55273,59.0
1330,1754,42.08516,-72.56281,61.0
1331,1755,42.08521,-72.55306,59.0
1332,1756,42.0851,-72.56387,61.0
1333,1757,42.08511,-72.55168,59.0
1334,1758,42.08484,-72.56517,56.0
1335,1759,42.08398,-72.64484,64.0
1336,1760,42.08487,-72.55644,58.0
1337,1761,42.08486,-72.55102,59.0
1338,1762,42.08483,-72.55624,60.0
1339,1763,42.08491,-72.55057,59.0
1340,1764,42.08449,-72.57428,54.0
1341,1765,42.08457,-72.56582,56.0
1342,1766,42.08443,-72.56728,60.0
1343,1767,42.08357,-72.64523,64.0
1344,1768,42.08442,-72.54795,60.0
1345,1769,42.08432,-72.54811,60.0
1346,1770,42.08393,-72.56915,59.0
1347,1771,42.08402,-72.54434,62.0
1348,1772,42.08398,-72.54412,62.0
1349,1773,42.08376,-72.55518,60.0
1350,1774,42.08351,-72.572,58.0
1351,1775,42.08376,-72.54444,62.0
1352,1776,42.08347,-72.57141,58.0
1353,1777,42.08369,-72.54466,62.0
1354,1778,42.08361,-72.55517,60.0
1355,1779,42.08337,-72.57369,54.0
1356,1780,42.08315,-72.57313,57.0
1357,1782,42.0823,-72.64694,64.0
1358,1783,42.08202,-72.64717,64.0
1359,1785,42.08243,-72.54218,60.0
1360,1786,42.0823,-72.55477,58.0
1361,1787,42.08114,-72.64845,64.0
1362,1788,42.08197,-72.5546,58.0
1363,1789,42.08227,-72.5417,60.0
1364,1790,42.08085,-72.64865,64.0
1365,1791,42.08181,-72.5407,62.0
1366,1792,42.08018,-72.64969,64.0
1367,1793,42.08118,-72.54001,62.0
1368,1794,42.08103,-72.53929,62.0
1369,1795,42.08104,-72.5399,62.0
1370,1796,42.07999,-72.6498,64.0
1371,1797,42.08057,-72.53798,62.0
1372,1798,42.08022,-72.53693,61.0
1373,1799,42.07997,-72.55428,61.0
1374,1800,42.08009,-72.53491,65.0
1375,1801,42.0789,-72.65137,64.0
1376,1802,42.07984,-72.53372,65.0
1377,1803,42.07968,-72.55435,61.0
1378,1804,42.07868,-72.65151,64.0
1379,1805,42.07981,-72.52742,63.0
1380,1806,42.07888,-72.61933,26.0
1381,1807,42.07945,-72.53185,64.0
1382,1808,42.07928,-72.53161,64.0
1383,1809,42.0779,-72.65266,63.0
1384,1810,42.0786,-72.53962,65.0
1385,1811,42.0779,-72.55395,62.0
1386,1812,42.07781,-72.52715,60.0
1387,1813,42.07748,-72.554,62.0
1388,1814,42.07746,-72.53911,65.0
1389,1815,42.07639,-72.6545,62.0
1390,1816,42.07741,-72.53919,65.0
1391,1818,42.07609,-72.65502,62.0
1392,1819,42.07697,-72.55375,55.0
1393,1820,42.07522,-72.65616,62.0
1394,1821,42.07471,-72.65667,63.0
1395,1824,42.07414,-72.65741,63.0
1396,1825,42.07499,-72.53884,66.0
1397,1826,42.07493,-72.53873,66.0
1398,1829,42.07296,-72.65911,65.0
1399,1831,42.07283,-72.61466,30.0
1400,1832,42.07326,-72.53859,66.0
1401,1833,42.07221,-72.61484,30.0
1402,1834,42.07328,-72.5385,66.0
1403,1837,42.07066,-72.6785,67.0
1404,1838,42.07082,-72.53813,74.0
1405,1841,42.07032,-72.53786,74.0
1406,1842,42.06877,-72.66709,63.0
1407,1844,42.06838,-72.67009,62.0
1408,1845,42.06918,-72.55484,51.0
1409,1846,42.06836,-72.61548,31.0
1410,1847,42.06813,-72.61565,31.0
1411,1849,42.06729,-72.67517,65.0
1412,1850,42.06732,-72.67459,68.0
1413,1851,42.0684,-72.55371,48.0
1414,1852,42.06703,-72.67732,67.0
1415,1853,42.0669,-72.67808,67.0
1416,1856,42.06762,-72.53857,68.0
1417,1857,42.06714,-72.53895,68.0
1418,1858,42.06703,-72.55232,48.0
1419,1859,42.06473,-72.57924,55.0
1420,1862,42.06402,-72.55158,59.0
1421,1863,42.06239,-72.69242,70.0
1422,1867,42.06236,-72.57925,47.0
1423,1871,42.0599,-72.57987,50.0
1424,1873,42.05919,-72.66026,59.0
1425,1875,42.05786,-72.58048,52.0
1426,1876,42.05705,-72.58101,52.0
1427,1877,42.05675,-72.58092,52.0
1428,1878,42.05548,-72.58167,47.0
1429,1879,42.05441,-72.65867,60.0
1430,1880,42.05491,-72.58163,47.0
1431,1882,42.05414,-72.53358,68.0
1432,1883,42.05401,-72.58212,51.0
1433,1884,42.0505,-72.53241,65.0
1434,1886,42.05065,-72.58302,52.0
1435,1887,42.05015,-72.58294,52.0
1436,1889,42.04536,-72.58401,45.0
1437,1890,42.04416,-72.5842,45.0
1438,1892,42.04182,-72.58427,44.0
1439,1893,42.03926,-72.5842,37.0
1440,1894,42.03976,-72.584,44.0
1441,1896,42.03149,-72.58196,43.0
1442,1897,42.03297,-72.58241,43.0
1443,1898,42.03283,-72.58219,43.0
1444,1899,42.0282,-72.58147,45.0
1445,1900,42.02676,-72.58245,47.0
1446,1901,42.02657,-72.58249,47.0
1447,1902,42.02539,-72.58349,46.0
1448,1903,42.02486,-72.58372,44.0
1449,1904,42.17588,-72.64842,92.0
1450,1905,42.10914,-72.60081,22.0
1451,1906,42.1079,-72.59953,22.0
1452,1907,42.10779,-72.59908,22.0
1453,1908,42.10696,-72.5986,22.0
1454,1909,42.10625,-72.59725,22.0
1455,1913,42.10815,-72.59355,22.0
1456,1914,42.10835,-72.59359,30.0
1457,1915,42.10899,-72.59285,30.0
1458,1916,42.1099,-72.59382,29.0
1459,1917,42.10891,-72.59232,30.0
1460,1918,42.10925,-72.59202,30.0
1461,1919,42.11081,-72.59228,34.0
1462,1920,42.10868,-72.59554,29.0
1463,1921,42.10515,-72.59066,30.0
1464,1922,42.10482,-72.59158,30.0
1465,1997,42.15715,-72.58422,38.0
1466,1998,42.1538,-72.58461,45.0
1467,2000,42.32613,-72.53029,84.0
1468,2001,42.3261,-72.5304,84.0
1469,2470,42.32169,-72.53351,90.0
1470,2471,42.32178,-72.53346,90.0
1471,2780,42.28308,-72.40537,178.0
1472,2781,42.28302,-72.40553,178.0
1473,4173,42.32038,-72.63448,54.0
1474,4371,42.20435,-72.60273,32.0
1475,5000,42.065,-72.57624,55.0
1476,5001,42.06494,-72.57354,54.0
1477,5002,42.06568,-72.56684,61.0
1478,5003,42.06554,-72.56682,61.0
1479,5004,42.06535,-72.55325,56.0
1480,5040,42.25286,-72.5778,70.0
1481,5041,42.25087,-72.57904,67.0
1482,5042,42.24505,-72.58049,41.0
1483,5043,42.23237,-72.58507,56.0
1484,5044,42.22873,-72.58704,44.0
1485,5053,42.18287,-72.66603,144.0
1486,5054,42.17866,-72.68564,83.0
1487,5055,42.17935,-72.70632,92.0
1488,5057,42.1752,-72.72722,82.0
1489,5058,42.16932,-72.72677,85.0
1490,5059,42.16225,-72.72634,86.0
1491,5060,42.14922,-72.72806,77.0
1492,5061,42.14335,-72.73208,71.0
1493,5062,42.13585,-72.73933,42.0
1494,5063,42.13053,-72.7452,47.0
1495,5091,42.13012,-72.74436,47.0
1496,5101,42.10613,-72.59442,20.0
1497,5102,42.10602,-72.59455,20.0
1498,5103,42.1059,-72.59471,20.0
1499,5104,42.10586,-72.59488,20.0
1500,5105,42.106,-72.59471,20.0
1501,5106,42.1061,-72.59458,20.0
1502,5107,42.10617,-72.5945,20.0
1503,5108,42.1062,-72.5948,20.0
1504,5109,42.10593,-72.59512,20.0
1505,5110,42.10581,-72.59528,20.0
1506,5111,42.10567,-72.59546,20.0
1507,5112,42.10658,-72.5946,22.0
1508,5113,42.10671,-72.59479,22.0
1509,5114,42.10683,-72.59496,22.0
1510,5115,42.10663,-72.59502,22.0
1511,5116,42.10655,-72.59486,22.0
1512,5117,42.10645,-72.59463,22.0
1513,5800,42.17063,-72.63509,67.0
1514,5941,42.17215,-72.63183,34.0
1515,6001,42.13566,-72.58431,51.0
1516,6002,42.1294,-72.5846,64.0
1517,6003,42.11419,-72.58593,38.0
1518,6004,42.11321,-72.58699,38.0
1519,6005,42.11172,-72.5889,32.0
1520,6006,42.11023,-72.59077,26.0
1521,6007,42.11132,-72.59213,34.0
1522,6008,42.04805,-72.52261,67.0
1523,6009,42.10298,-72.58739,32.0
1524,6010,42.10836,-72.57604,61.0
1525,6011,42.10775,-72.56858,64.0
1526,6012,42.10496,-72.56628,63.0
1527,6013,42.1054,-72.56263,63.0
1528,6014,42.10262,-72.56911,63.0
1529,6016,42.10368,-72.58685,32.0
1530,6017,42.11041,-72.59042,26.0
1531,6018,42.11151,-72.58903,32.0
1532,6019,42.11287,-72.58734,38.0
1533,6020,42.11441,-72.58566,38.0
1534,6021,42.11604,-72.58493,52.0
1535,6023,42.13366,-72.58467,54.0
1536,6024,42.13851,-72.58269,60.0
1537,6026,42.10996,-72.57129,63.0
1538,6027,42.11476,-72.61662,19.0
1539,6028,42.1148,-72.61469,19.0
1540,6029,42.10162,-72.58821,29.0
1541,6031,42.08722,-72.50244,74.0
1542,6032,42.14809,-72.60298,37.0
1543,6040,42.0983,-72.56416,54.0
1544,6041,42.21457,-72.59327,27.0
1545,6042,42.21471,-72.59418,25.0
1546,6043,42.13571,-72.58415,51.0
1547,6139,42.31778,-72.63181,51.0
1548,6187,42.374941,-72.532596,56.0
1549,6188,42.375001,-72.532695,54.0
1550,6243,42.09095,-72.57653,34.0
1551,6247,42.09123,-72.5759,34.0
1552,6260,42.31574,-72.6317,45.0
1553,6262,42.30289,-72.62202,39.0
1554,6263,42.30419,-72.62217,40.0
1555,6266,42.269514,-72.67182,62.0
1556,6270,42.269611,-72.67179,62.0
1557,6281,42.10765,-72.70385,38.0
1558,6282,42.14317,-72.54759,70.0
1559,6284,42.12768,-72.58175,63.0
1560,6285,42.08406,-72.5467,60.0
1561,6288,42.08635,-72.5588,59.0
1562,6289,42.10334,-72.59227,35.0
1563,6290,42.19523,-72.65297,134.0
1564,6302,42.14783,-72.5426,61.0
1565,6303,42.14828,-72.54151,72.0
1566,6304,42.1502,-72.53706,70.0
1567,6305,42.14635,-72.52725,63.0
1568,6306,42.14261,-72.52565,64.0
1569,6307,42.14387,-72.53659,66.0
1570,6308,42.14417,-72.5422,69.0
1571,6324,42.12434,-72.61007,23.0
1572,6330,42.14175,-72.52607,64.0
1573,6350,42.14805,-72.59887,33.0
1574,6351,42.14801,-72.59508,38.0
1575,6352,42.14799,-72.592,33.0
1576,6353,42.15248,-72.5844,45.0
1577,6354,42.17298,-72.57483,71.0
1578,6371,42.09412,-72.51579,65.0
1579,6373,42.08386,-72.57022,59.0
1580,6374,42.08499,-72.57422,54.0
1581,6375,42.11272,-72.60461,24.0
1582,6376,42.11376,-72.60546,24.0
1583,6379,42.14515,-72.52139,71.0
1584,6380,42.15905,-72.50314,57.0
1585,6400,42.1406,-72.49984,72.0
1586,6401,42.11433,-72.58044,59.0
1587,6402,42.11677,-72.58244,47.0
1588,6403,42.11676,-72.58261,47.0
1589,6404,42.11389,-72.58016,59.0
1590,6406,42.11047,-72.57837,64.0
1591,6407,42.11043,-72.57816,64.0
1592,6410,42.11213,-72.56249,64.0
1593,6411,42.10592,-72.59183,25.0
1594,6413,42.12016,-72.75459,52.0
1595,6414,42.1191,-72.74159,46.0
1596,6415,42.20167,-72.64369,129.0
1597,6416,42.18944,-72.64974,114.0
1598,6417,42.10185,-72.58401,22.0
1599,6420,42.09285,-72.55631,62.0
1600,6421,42.09619,-72.6072,17.0
1601,6427,42.10145,-72.54905,62.0
1602,6428,42.10172,-72.5483,62.0
1603,6429,42.09773,-72.55054,56.0
1604,6430,42.09753,-72.55075,56.0
1605,6431,42.11561,-72.5511,60.0
1606,6432,42.11518,-72.55113,60.0
1607,6433,42.12313,-72.54933,62.0
1608,6434,42.1389,-72.54781,68.0
1609,6435,42.12965,-72.54585,64.0
1610,6436,42.13219,-72.54618,65.0
1611,6437,42.13221,-72.54594,65.0
1612,6439,42.11344,-72.54837,65.0
1613,6441,42.16338,-72.61894,23.0
1614,6442,42.18479,-72.61085,24.0
1615,6444,42.19154,-72.60139,26.0
1616,6445,42.1903,-72.60278,28.0
1617,6446,42.18904,-72.60448,25.0
1618,6447,42.18723,-72.60762,26.0
1619,6450,42.17183,-72.62335,24.0
1620,6452,42.1823,-72.61115,22.0
1621,6453,42.18174,-72.61158,22.0
1622,6454,42.17892,-72.61354,20.0
1623,6457,42.1909,-72.62952,78.0
1624,6458,42.15155,-72.63068,23.0
1625,6463,42.10768,-72.5466,62.0
1626,6464,42.09761,-72.57347,58.0
1627,6465,42.09579,-72.57414,55.0
1628,6466,42.09673,-72.57363,58.0
1629,6467,42.09811,-72.57309,61.0
1630,6470,42.217985,-72.6413,150.0
1631,6471,42.218202,-72.641306,150.0
1632,6473,42.0969,-72.5737,58.0
1633,6474,42.10401,-72.54616,61.0
1634,6475,42.10783,-72.54676,62.0
1635,6476,42.1294,-72.54558,66.0
1636,6477,42.12461,-72.54701,65.0
1637,6500,42.21071,-72.62059,79.0
1638,6501,42.21131,-72.62041,79.0
1639,6504,42.14932,-72.58631,45.0
1640,6550,42.19871,-72.60844,26.0
1641,6551,42.19674,-72.61043,27.0
1642,6552,42.19588,-72.61128,27.0
1643,6553,42.18853,-72.62353,29.0
1644,6554,42.18789,-72.62419,29.0
1645,6555,42.1778,-72.63001,39.0
1646,6556,42.17659,-72.63036,28.0
1647,6557,42.17415,-72.63118,26.0
1648,6633,42.157,-72.58398,38.0
1649,6801,42.18984,-72.62064,22.0
1650,6802,42.13506,-72.73999,44.0
1651,6808,42.09178,-72.555,61.0
1652,6811,42.20576,-72.60496,32.0
1653,6850,42.1568,-72.50628,69.0
1654,6860,42.15686,-72.50612,71.0
1655,6870,42.14085,-72.57469,66.0
1656,6910,42.11257,-72.58027,59.0
1657,6950,42.15721,-72.4809,72.0
1658,6951,42.15931,-72.48036,73.0
1659,6952,42.15931,-72.48001,73.0
1660,6953,42.12021,-72.74732,45.0
1661,7000,42.31816,-72.63119,46.0
1662,7043,42.357903,-72.550119,51.0
1663,7442,42.33377,-72.6357,49.0
1664,7443,42.33841,-72.64611,62.0
1665,7444,42.33844,-72.64197,58.0
1666,7445,42.30613,-72.67511,104.0
1667,7446,42.3061,-72.67528,104.0
1668,7447,42.32377,-72.67686,93.0
1669,7481,42.30328,-72.6237,41.0
1670,7482,42.21069,-72.60775,49.0
1671,7483,42.21428,-72.616958,74.0
1672,7484,42.303371,-72.625329,39.0
1673,8000,42.35794,-72.48424,76.0
1674,8001,42.39376,-72.53301,62.0
1675,8002,42.35471,-72.48011,88.0
1676,8006,42.46494,-72.58034,47.0
1677,8008,42.41275,-72.51427,92.0
1678,8010,42.35498,-72.52081,50.0
1679,8011,42.35433,-72.52202,53.0
1680,8014,42.26148,-72.57267,81.0
1681,8015,42.26166,-72.58078,74.0
1682,8016,42.29941,-72.602208,36.0
1683,8017,42.29921,-72.602526,36.0
1684,8018,42.334365,-72.588106,48.0
1685,8019,42.334473,-72.588697,48.0
1686,8020,42.33757,-72.605839,39.0
1687,8022,42.337413,-72.60588,40.0
1688,8024,42.41742,-72.52387,65.0
1689,8025,42.41717,-72.52689,65.0
1690,8110,42.1424,-72.4902,70.0
1691,8860,42.13373,-72.52311,65.0
1692,8888,42.12278,-72.74932,49.0
1693,9000,42.086,-72.50799,70.0
1694,9003,42.36853,-72.69361,118.0
1695,9004,42.36864,-72.69382,138.0
1696,9005,42.11138,-72.59284,34.0
1697,9006,42.08597,-72.55874,59.0
1698,9007,42.33122,-72.67653,77.0
1699,9008,42.3299,-72.67862,77.0
1700,9009,42.33355,-72.62941,45.0
1701,9011,42.3768,-72.70591,136.0
1702,9012,42.33369,-72.6295,45.0
1703,9014,42.10768,-72.57784,61.0
1704,9016,42.15428,-72.54874,57.0
1705,9017,42.18065,-72.51524,73.0
1706,9022,42.10209,-72.59127,26.0
1707,9023,42.10623,-72.6938,62.0
1708,9024,42.10603,-72.6941,62.0
1709,9025,42.09909,-72.59518,13.0
1710,9026,42.09885,-72.5952,13.0
1711,9027,42.13582,-72.61557,16.0
1712,9028,42.13553,-72.61581,16.0
1713,9029,42.16255,-72.64582,84.0
1714,9030,42.16231,-72.64664,80.0
1715,9031,42.10908,-72.61392,13.0
1716,9032,42.10881,-72.61395,13.0
1717,9033,42.16226,-72.63945,57.0
1718,9034,42.16213,-72.63921,57.0
1719,9037,42.08308,-72.54309,60.0
1720,9038,42.10922,-72.60051,22.0
1721,9039,42.08699,-72.62843,27.0
1722,9040,42.10293,-72.58965,26.0
1723,9041,42.13236,-72.59993,63.0
1724,9042,42.13233,-72.60027,63.0
1725,9043,42.19496,-72.60115,25.0
1726,9044,42.1951,-72.6015,25.0
1727,9045,42.08113,-72.53919,62.0
1728,9047,42.06406,-72.53954,68.0
1729,9048,42.0639,-72.53934,68.0
1730,9050,42.37396,-72.53154,56.0
1731,9051,42.37559,-72.52391,100.0
1732,9052,42.37576,-72.52171,105.0
1733,9053,42.41517,-72.52984,57.0
1734,9054,42.41466,-72.5326,57.0
1735,9055,42.41466,-72.53245,57.0
1736,9058,42.31537,-72.575919,62.0
1737,9059,42.31544,-72.57599,62.0
1738,9060,42.14001,-72.5819,65.0
1739,9062,42.17833,-72.68637,83.0
1740,9080,42.12528,-72.6106,21.0
1741,9084,42.05661,-72.5351,68.0
1742,9085,42.0563,-72.53496,68.0
1743,9086,42.20851,-72.6073,50.0
1744,9087,42.20845,-72.60735,50.0
1745,9088,42.20839,-72.60741,50.0
1746,9089,42.20834,-72.60746,50.0
1747,9091,42.21174,-72.59608,29.0
1748,9092,42.21194,-72.59618,29.0
1749,9095,42.30732,-72.65858,75.0
1750,9096,42.20828,-72.60752,50.0
1751,9097,42.20823,-72.60757,50.0
1752,9098,42.20817,-72.60763,50.0
1753,9111,42.28824,-72.60207,72.0
1754,9112,42.28875,-72.60188,72.0
1755,9113,42.30154,-72.52791,174.0
1756,9114,42.30175,-72.52798,174.0
1757,9115,42.28057,-72.55793,83.0
1758,9116,42.28057,-72.55838,79.0
1759,9117,42.46765,-72.58478,39.0
1760,9118,42.46757,-72.58493,39.0
1761,9119,42.29764,-72.5309,132.0
1762,9120,42.09011,-72.62678,18.0
1763,9121,42.08989,-72.62674,18.0
1764,9122,42.35156,-72.47148,121.0
1765,9123,42.35155,-72.47121,121.0
1766,9129,42.12526,-72.61587,20.0
1767,9130,42.05059,-72.58277,52.0
1768,9131,42.06595,-72.5527,56.0
1769,9140,42.10688,-72.57887,61.0
1770,9141,42.13081,-72.54953,60.0
1771,9142,42.13102,-72.54598,64.0
1772,9146,42.1308,-72.54707,64.0
1773,9150,42.11633,-72.54946,65.0
1774,9151,42.11905,-72.54801,68.0
1775,9160,42.31673,-72.6316,51.0
1776,9161,42.34416,-72.68196,99.0
1777,9162,42.28935,-72.660887,56.0
1778,9163,42.289235,-72.660737,56.0
1779,9164,42.23751,-72.651857,194.0
1780,9165,42.237382,-72.651615,186.0
1781,9169,42.33731,-72.616939,34.0
1782,9170,42.334793,-72.619606,46.0
1783,9171,42.38454,-72.53329,52.0
1784,9172,42.384722,-72.533126,52.0
1785,9180,42.2903,-72.618206,38.0
1786,9181,42.29015,-72.61798,38.0
1787,9182,42.285211,-72.614886,55.0
1788,9183,42.285183,-72.61459,55.0
1789,9184,42.06648,-72.5557,58.0
1790,9202,42.12543,-72.61392,19.0
1791,9203,42.28459,-72.61567,55.0
1792,9204,42.28436,-72.61635,55.0
1793,9250,42.05983,-72.53764,62.0
1794,9310,42.10112,-72.58673,28.0
1795,9311,42.10312,-72.58447,33.0
1796,9312,42.11014,-72.60136,22.0
1797,9315,42.12198,-72.58847,63.0
1798,9316,42.10111,-72.58695,28.0
1799,9320,42.10963,-72.57341,60.0
1800,9322,42.10875,-72.57524,61.0
1801,9323,42.11142,-72.59992,20.0
1802,9324,42.11366,-72.59685,25.0
1803,9326,42.10217,-72.58575,32.0
1804,9327,42.10195,-72.58577,28.0
1805,9328,42.12526,-72.56717,59.0
1806,9329,42.12471,-72.61353,21.0
1807,9330,42.09488,-72.55075,60.0
1808,9331,42.09479,-72.55099,60.0
1809,9441,42.08806,-72.62941,27.0
1810,9442,42.08795,-72.62929,27.0
1811,9587,42.125,-72.55091,73.0
1812,9800,42.12263,-72.77443,77.0
1813,9801,42.11942,-72.76325,66.0
1814,9901,42.37645,-72.48656,67.0
1815,9905,42.21181,-72.591,26.0
1816,9906,42.21169,-72.59076,26.0
1817,9968,42.15637,-72.47712,73.0
1818,9969,42.15475,-72.47255,69.0
1819,9970,42.15649,-72.47727,73.0
1820,9971,42.15683,-72.48231,72.0
1821,9990,42.46997,-72.61526,66.0
1822,9993,42.46768,-72.60553,64.0
1823,9999,42.41108,-72.53055,56.0
1824,10000,42.365602,-72.535557,53.0
1825,10001,42.36519,-72.53578,53.0
1826,10006,42.01811,-72.58485,35.0
1827,10009,42.15443,-72.54905,57.0
1828,10010,42.18047,-72.51541,73.0
1829,10102,42.12743,-72.6115,29.0
1830,11002,42.2157,-72.62942,92.0
1831,11003,42.20071,-72.62322,62.0
1832,11004,42.18979,-72.60965,23.0
1833,11005,42.18981,-72.61007,23.0
1834,11010,42.209,-72.60492,50.0
1835,11101,42.3761,-72.48114,86.0
1836,11115,42.20125,-72.6425,129.0
1837,11116,42.20101,-72.64222,129.0
1838,11117,42.19792,-72.60923,26.0
1839,11120,42.21537,-72.62874,87.0
1840,11124,42.19746,-72.60968,25.0
1841,11125,42.215243,-72.628826,87.0
1842,11142,42.19899,-72.63082,81.0
1843,11144,42.20812,-72.6065,50.0
1844,11701,42.37166,-72.48001,89.0
1845,12601,42.36747,-72.47976,93.0
1846,12901,42.36507,-72.48429,61.0
1847,13101,42.3633,-72.48833,60.0
